availability,catchcopy,medium_image_url_1,medium_image_url_2,medium_image_url_3,small_image_url_1,small_image_url_2,small_image_url_3,affiliate_rate,affiliate_url,asuraku_area,asuraku_closing_time,asuraku_flag,credit_card_flag,end_time,genre_id,gift_flag,image_flag,item_caption,product_id,item_name,item_price,item_price_base_field,item_price_max_1,item_price_max_2,item_price_max_3,item_price_min_1,item_price_min_2,item_price_min_3,item_url,point_rate,point_rate_end_time,point_rate_start_time,postage_flag,review_average,review_count,ship_overseas_area,ship_overseas_flag,shop_affiliate_url,shop_code,shop_name,shop_of_the_year_flag,shop_url,start_time,tag_ids,tax_flag
1,プレゼントにおすすめ♪Hermes ( エルメス )リップペンシル ノーカラー誕生日 クリスマス ホワイトデー 母の日 記念日に！正規店ラッピング付き,https://thumbnail.image.rakuten.co.jp/@0_mall/88eight88/cabinet/compass1708761178.jpg?_ex=128x128,https://thumbnail.image.rakuten.co.jp/@0_mall/88eight88/cabinet/compass1708758371.jpg?_ex=128x128,https://thumbnail.image.rakuten.co.jp/@0_mall/88eight88/cabinet/kokuin/banner5_2.jpg?_ex=128x128,https://thumbnail.image.rakuten.co.jp/@0_mall/88eight88/cabinet/compass1708761178.jpg?_ex=64x64,https://thumbnail.image.rakuten.co.jp/@0_mall/88eight88/cabinet/compass1708758371.jpg?_ex=64x64,https://thumbnail.image.rakuten.co.jp/@0_mall/88eight88/cabinet/kokuin/banner5_2.jpg?_ex=64x64,4,https://hb.afl.rakuten.co.jp/hgc/g00uhqlg.ppohca2b.g00uhqlg.ppohdfbf/?pc=https%3A%2F%2Fitem.rakuten.co.jp%2F88eight88%2Fhm0000023%2F&m=http%3A%2F%2Fm.rakuten.co.jp%2F88eight88%2Fi%2F10000967%2F&rafcid=wsc_i_is_1053351987856881203,,,0,1,,503106,0,1,"類似商品はこちら★7/1は楽天ポイントが5倍に還元でお得★ 15,230円★7/1は楽天ポイントが5倍に還元でお得★ 14,020円～★7/1は楽天ポイントが5倍に還元でお得★ 15,500円～★7/1は楽天ポイントが5倍に還元でお得★ 14,020円★7/1は楽天ポイントが5倍に還元でお得★ 14,020円～★7/1は楽天ポイントが5倍に還元でお得★ 14,020円～★7/1は楽天ポイントが5倍に還元でお得★ 18,750円★7/1は楽天ポイントが5倍に還元でお得★ 15,500円★7/1は楽天ポイントが5倍に還元でお得★ 17,320円新着商品はこちら2024/6/29★7/1は楽天ポイントが5倍に還元でお得★ 15,750円～2024/6/25★7/1は楽天ポイントが5倍に還元でお得★ 15,960円～2024/6/25★7/1は楽天ポイントが5倍に還元でお得★ 16,510円ショップトップ&nbsp;&gt;&nbsp;カテゴリトップ&nbsp;&gt;&nbsp;レディース再販商品はこちら2024/6/26★7/1は楽天ポイントが5倍に還元でお得★ 大15,500円2024/6/24★7/1は楽天ポイントが5倍に還元でお得★ S2,475円～2024/6/24★7/1は楽天ポイントが5倍に還元でお得★ 1,350円～2024/07/01 更新 ★7/1は楽天ポイントが5倍に還元でお得★★ 刻印 名入れ 名前入れ 可能 ★　【Hermes ( エルメス ) 】リップペンシル〈ルージュ エルメス〉誕生日 クリスマス ホワイトデー 結婚記念日 プレゼント ★ 正規店ラッピング無料 ★ プレゼントにおすすめ♪Hermes ( エルメス )リップペンシル ノーカラー誕生日 クリスマス ホワイトデー 母の日 記念日に！正規店ラッピング付き 正確でなめらかな描き心地で、リップラインをなめらかに縁取るカラーレスのペンシル。リップラインを整え、パーフェクトなメイクアップを実現します。唇全体に下地として塗ることで、重ねるリップスティックの色をより長くキープできます。最高のつけ心地を約束する、きめ細かくなめらかなテクスチャー。自然な仕上がりで、口紅のカラーや肌の色を問わずお使いいただけます。シャープナーが内臓されており、持ち運びにも最適です。 5ショップトップ&nbsp;&gt;&nbsp;カテゴリトップ&nbsp;&gt;&nbsp;レディース新着商品はこちら2024/6/29★7/1は楽天ポイントが5倍に還元でお得★ 15,750円～2024/6/25★7/1は楽天ポイントが5倍に還元でお得★ 15,960円～2024/6/25★7/1は楽天ポイントが5倍に還元でお得★ 16,510円再販商品はこちら2024/6/26★7/1は楽天ポイントが5倍に還元でお得★ 大15,500円2024/6/24★7/1は楽天ポイントが5倍に還元でお得★ S2,475円～2024/6/24★7/1は楽天ポイントが5倍に還元でお得★ 1,350円～",88eight88:10000967,★7/1は楽天ポイントが5倍に還元でお得★ Hermes / エルメス リップペンシル〈ルージュ エルメス〉 【 刻印 名入れ 名前入れ ／ 正規店ラッピング無料】,11000,item_price_min3,12500,12500,12500,11000,11000,11000,https://hb.afl.rakuten.co.jp/hgc/g00uhqlg.ppohca2b.g00uhqlg.ppohdfbf/?pc=https%3A%2F%2Fitem.rakuten.co.jp%2F88eight88%2Fhm0000023%2F&m=http%3A%2F%2Fm.rakuten.co.jp%2F88eight88%2Fi%2F10000967%2F&rafcid=wsc_i_is_1053351987856881203,1,,,0,0,0,,0,https://hb.afl.rakuten.co.jp/hgc/g00uhqlg.ppohca2b.g00uhqlg.ppohdfbf/?pc=https%3A%2F%2Fwww.rakuten.co.jp%2F88eight88%2F&m=http%3A%2F%2Fm.rakuten.co.jp%2F88eight88%2F&rafcid=wsc_i_is_1053351987856881203,88eight88,セレクトショップ　EIGHT,0,https://hb.afl.rakuten.co.jp/hgc/g00uhqlg.ppohca2b.g00uhqlg.ppohdfbf/?pc=https%3A%2F%2Fwww.rakuten.co.jp%2F88eight88%2F&m=http%3A%2F%2Fm.rakuten.co.jp%2F88eight88%2F&rafcid=wsc_i_is_1053351987856881203,,,0
1,,https://thumbnail.image.rakuten.co.jp/@0_mall/bi-sai/cabinet/row_a/utowa2/2500310006986.jpg?_ex=128x128,https://thumbnail.image.rakuten.co.jp/@0_mall/bi-sai/cabinet/row_a/utowa2/maruspo.jpg?_ex=128x128,,https://thumbnail.image.rakuten.co.jp/@0_mall/bi-sai/cabinet/row_a/utowa2/2500310006986.jpg?_ex=64x64,https://thumbnail.image.rakuten.co.jp/@0_mall/bi-sai/cabinet/row_a/utowa2/maruspo.jpg?_ex=64x64,,4,https://hb.afl.rakuten.co.jp/hgc/g00q0wag.ppohc22b.g00q0wag.ppohd44a/?pc=https%3A%2F%2Fitem.rakuten.co.jp%2Fbi-sai%2F2500310006986%2F&m=http%3A%2F%2Fm.rakuten.co.jp%2Fbi-sai%2Fi%2F10791918%2F&rafcid=wsc_i_is_1053351987856881203,,,0,1,,503106,0,1,＜コード:2800＞リップライナーウトワ リップライナー ベージュ(スキンベージュ)★ブランド名★　ウトワ(Utowa)スルスルと伸びる滑らかな描き心地。輪郭補正＆リップベース、リップカラーとしても使える色持ちの良いリップライナー。【広告文責】・お問い合わせ先:有限会社美彩[TEL.090-5467-0825(order@bi-sai.jp)]・メーカー:株式会社ウトワ・商品区分:その他(リップライナー)※時期等により原産国が変更になる場合があります。※デザイン/パッケージ等は変更になる場合があります。,bi-sai:10791918,★3個セット★送料込★メイクスポンジプレゼント★ウトワ リップライナー ベージュ(スキンベージュ),9240,item_price_min3,9240,9240,9240,9240,9240,9240,https://hb.afl.rakuten.co.jp/hgc/g00q0wag.ppohc22b.g00q0wag.ppohd44a/?pc=https%3A%2F%2Fitem.rakuten.co.jp%2Fbi-sai%2F2500310006986%2F&m=http%3A%2F%2Fm.rakuten.co.jp%2Fbi-sai%2Fi%2F10791918%2F&rafcid=wsc_i_is_1053351987856881203,1,,,0,0,0,,0,https://hb.afl.rakuten.co.jp/hgc/g00q0wag.ppohc22b.g00q0wag.ppohd44a/?pc=https%3A%2F%2Fwww.rakuten.co.jp%2Fbi-sai%2F&m=http%3A%2F%2Fm.rakuten.co.jp%2Fbi-sai%2F&rafcid=wsc_i_is_1053351987856881203,bi-sai,bi-sai,0,https://hb.afl.rakuten.co.jp/hgc/g00q0wag.ppohc22b.g00q0wag.ppohd44a/?pc=https%3A%2F%2Fwww.rakuten.co.jp%2Fbi-sai%2F&m=http%3A%2F%2Fm.rakuten.co.jp%2Fbi-sai%2F&rafcid=wsc_i_is_1053351987856881203,,,0
1,,https://thumbnail.image.rakuten.co.jp/@0_mall/bi-sai/cabinet/row_a/utowa2/2500310007006.jpg?_ex=128x128,https://thumbnail.image.rakuten.co.jp/@0_mall/bi-sai/cabinet/row_a/utowa2/maruspo.jpg?_ex=128x128,,https://thumbnail.image.rakuten.co.jp/@0_mall/bi-sai/cabinet/row_a/utowa2/2500310007006.jpg?_ex=64x64,https://thumbnail.image.rakuten.co.jp/@0_mall/bi-sai/cabinet/row_a/utowa2/maruspo.jpg?_ex=64x64,,4,https://hb.afl.rakuten.co.jp/hgc/g00q0wag.ppohc22b.g00q0wag.ppohd44a/?pc=https%3A%2F%2Fitem.rakuten.co.jp%2Fbi-sai%2F2500310007006%2F&m=http%3A%2F%2Fm.rakuten.co.jp%2Fbi-sai%2Fi%2F10791915%2F&rafcid=wsc_i_is_1053351987856881203,,,0,1,,503106,0,1,＜コード:2800＞リップライナーウトワ リップライナー ローズベージュ★ブランド名★　ウトワ(Utowa)スルスルと伸びる滑らかな描き心地。輪郭補正＆リップベース、リップカラーとしても使える色持ちの良いリップライナー。【広告文責】・お問い合わせ先:有限会社美彩[TEL.090-5467-0825(order@bi-sai.jp)]・メーカー:株式会社ウトワ・商品区分:その他(リップライナー)※時期等により原産国が変更になる場合があります。※デザイン/パッケージ等は変更になる場合があります。,bi-sai:10791915,★3個セット★送料込★メイクスポンジプレゼント★ウトワ リップライナー ローズベージュ,9240,item_price_min3,9240,9240,9240,9240,9240,9240,https://hb.afl.rakuten.co.jp/hgc/g00q0wag.ppohc22b.g00q0wag.ppohd44a/?pc=https%3A%2F%2Fitem.rakuten.co.jp%2Fbi-sai%2F2500310007006%2F&m=http%3A%2F%2Fm.rakuten.co.jp%2Fbi-sai%2Fi%2F10791915%2F&rafcid=wsc_i_is_1053351987856881203,1,,,0,0,0,,0,https://hb.afl.rakuten.co.jp/hgc/g00q0wag.ppohc22b.g00q0wag.ppohd44a/?pc=https%3A%2F%2Fwww.rakuten.co.jp%2Fbi-sai%2F&m=http%3A%2F%2Fm.rakuten.co.jp%2Fbi-sai%2F&rafcid=wsc_i_is_1053351987856881203,bi-sai,bi-sai,0,https://hb.afl.rakuten.co.jp/hgc/g00q0wag.ppohc22b.g00q0wag.ppohd44a/?pc=https%3A%2F%2Fwww.rakuten.co.jp%2Fbi-sai%2F&m=http%3A%2F%2Fm.rakuten.co.jp%2Fbi-sai%2F&rafcid=wsc_i_is_1053351987856881203,,,0
1,,https://thumbnail.image.rakuten.co.jp/@0_mall/bi-sai/cabinet/row_a/utowa2/2500310006993.jpg?_ex=128x128,https://thumbnail.image.rakuten.co.jp/@0_mall/bi-sai/cabinet/row_a/utowa2/maruspo.jpg?_ex=128x128,,https://thumbnail.image.rakuten.co.jp/@0_mall/bi-sai/cabinet/row_a/utowa2/2500310006993.jpg?_ex=64x64,https://thumbnail.image.rakuten.co.jp/@0_mall/bi-sai/cabinet/row_a/utowa2/maruspo.jpg?_ex=64x64,,4,https://hb.afl.rakuten.co.jp/hgc/g00q0wag.ppohc22b.g00q0wag.ppohd44a/?pc=https%3A%2F%2Fitem.rakuten.co.jp%2Fbi-sai%2F2500310006993%2F&m=http%3A%2F%2Fm.rakuten.co.jp%2Fbi-sai%2Fi%2F10791929%2F&rafcid=wsc_i_is_1053351987856881203,,,0,1,,503106,0,1,＜コード:2800＞リップライナーウトワ リップライナー レッド★ブランド名★　ウトワ(Utowa)スルスルと伸びる滑らかな描き心地。輪郭補正＆リップベース、リップカラーとしても使える色持ちの良いリップライナー。【広告文責】・お問い合わせ先:有限会社美彩[TEL.090-5467-0825(order@bi-sai.jp)]・メーカー:株式会社ウトワ・商品区分:その他(リップライナー)※時期等により原産国が変更になる場合があります。※デザイン/パッケージ等は変更になる場合があります。,bi-sai:10791929,★3個セット★送料込★メイクスポンジプレゼント★ウトワ リップライナー レッド,9240,item_price_min3,9240,9240,9240,9240,9240,9240,https://hb.afl.rakuten.co.jp/hgc/g00q0wag.ppohc22b.g00q0wag.ppohd44a/?pc=https%3A%2F%2Fitem.rakuten.co.jp%2Fbi-sai%2F2500310006993%2F&m=http%3A%2F%2Fm.rakuten.co.jp%2Fbi-sai%2Fi%2F10791929%2F&rafcid=wsc_i_is_1053351987856881203,1,,,0,0,0,,0,https://hb.afl.rakuten.co.jp/hgc/g00q0wag.ppohc22b.g00q0wag.ppohd44a/?pc=https%3A%2F%2Fwww.rakuten.co.jp%2Fbi-sai%2F&m=http%3A%2F%2Fm.rakuten.co.jp%2Fbi-sai%2F&rafcid=wsc_i_is_1053351987856881203,bi-sai,bi-sai,0,https://hb.afl.rakuten.co.jp/hgc/g00q0wag.ppohc22b.g00q0wag.ppohd44a/?pc=https%3A%2F%2Fwww.rakuten.co.jp%2Fbi-sai%2F&m=http%3A%2F%2Fm.rakuten.co.jp%2Fbi-sai%2F&rafcid=wsc_i_is_1053351987856881203,,,0
1,,https://thumbnail.image.rakuten.co.jp/@0_mall/bi-sai/cabinet/row_a/utowa2/2500310006979.jpg?_ex=128x128,https://thumbnail.image.rakuten.co.jp/@0_mall/bi-sai/cabinet/row_a/utowa2/maruspo.jpg?_ex=128x128,,https://thumbnail.image.rakuten.co.jp/@0_mall/bi-sai/cabinet/row_a/utowa2/2500310006979.jpg?_ex=64x64,https://thumbnail.image.rakuten.co.jp/@0_mall/bi-sai/cabinet/row_a/utowa2/maruspo.jpg?_ex=64x64,,4,https://hb.afl.rakuten.co.jp/hgc/g00q0wag.ppohc22b.g00q0wag.ppohd44a/?pc=https%3A%2F%2Fitem.rakuten.co.jp%2Fbi-sai%2F2500310006979%2F&m=http%3A%2F%2Fm.rakuten.co.jp%2Fbi-sai%2Fi%2F10791942%2F&rafcid=wsc_i_is_1053351987856881203,,,0,1,,503106,0,1,＜コード:2800＞リップライナーウトワ リップライナー ピンクベージュ★ブランド名★　ウトワ(Utowa)スルスルと伸びる滑らかな描き心地。輪郭補正＆リップベース、リップカラーとしても使える色持ちの良いリップライナー。【広告文責】・お問い合わせ先:有限会社美彩[TEL.090-5467-0825(order@bi-sai.jp)]・メーカー:株式会社ウトワ・商品区分:その他(リップライナー)※時期等により原産国が変更になる場合があります。※デザイン/パッケージ等は変更になる場合があります。,bi-sai:10791942,★3個セット★送料込★メイクスポンジプレゼント★ウトワ リップライナー ピンクベージュ,9240,item_price_min3,9240,9240,9240,9240,9240,9240,https://hb.afl.rakuten.co.jp/hgc/g00q0wag.ppohc22b.g00q0wag.ppohd44a/?pc=https%3A%2F%2Fitem.rakuten.co.jp%2Fbi-sai%2F2500310006979%2F&m=http%3A%2F%2Fm.rakuten.co.jp%2Fbi-sai%2Fi%2F10791942%2F&rafcid=wsc_i_is_1053351987856881203,1,,,0,0,0,,0,https://hb.afl.rakuten.co.jp/hgc/g00q0wag.ppohc22b.g00q0wag.ppohd44a/?pc=https%3A%2F%2Fwww.rakuten.co.jp%2Fbi-sai%2F&m=http%3A%2F%2Fm.rakuten.co.jp%2Fbi-sai%2F&rafcid=wsc_i_is_1053351987856881203,bi-sai,bi-sai,0,https://hb.afl.rakuten.co.jp/hgc/g00q0wag.ppohc22b.g00q0wag.ppohd44a/?pc=https%3A%2F%2Fwww.rakuten.co.jp%2Fbi-sai%2F&m=http%3A%2F%2Fm.rakuten.co.jp%2Fbi-sai%2F&rafcid=wsc_i_is_1053351987856881203,,,0
1,【プレゼント実施中！・お取寄せ手数料込】,https://thumbnail.image.rakuten.co.jp/@0_mall/qeen/cabinet/ma/mac/2102260000719.jpg?_ex=128x128,https://thumbnail.image.rakuten.co.jp/@0_mall/qeen/cabinet/ma/mac/1603s.jpg?_ex=128x128,https://thumbnail.image.rakuten.co.jp/@0_mall/qeen/cabinet/ma/mac/puretuki.jpg?_ex=128x128,https://thumbnail.image.rakuten.co.jp/@0_mall/qeen/cabinet/ma/mac/2102260000719.jpg?_ex=64x64,https://thumbnail.image.rakuten.co.jp/@0_mall/qeen/cabinet/ma/mac/1603s.jpg?_ex=64x64,https://thumbnail.image.rakuten.co.jp/@0_mall/qeen/cabinet/ma/mac/puretuki.jpg?_ex=64x64,4,https://hb.afl.rakuten.co.jp/hgc/g00pu34g.ppohcff2.g00pu34g.ppohdc4b/?pc=https%3A%2F%2Fitem.rakuten.co.jp%2Fqeen%2F2102260000719%2F&m=http%3A%2F%2Fm.rakuten.co.jp%2Fqeen%2Fi%2F10656999%2F&rafcid=wsc_i_is_1053351987856881203,,,0,1,,503106,0,1,CM:3300■マック リップペンシル(1.45g)カラーバリエーションが豊富で人気のリップペンシル。ほどよい堅さで書きやすく、唇の輪郭をきれいに整えます。■販売価格等につきまして・1個での販売となっています。・代行手数料及び手配時の送料等が含まれています。お近くに売っていない地域の方にお届けするために価格設定していますのでデパート等よりも高額となっています。・こちらの商品は発送にお日にちが掛かる場合があります。ご了承くださいませ。■広告文責■お問い合わせ先:有限会社COSME2000　Tel.0745-79-0205(mail:order@cosme2000.jp)・発売・製造元又は輸入元:ELGC株式会社・原産国:アメリカ・商品区分:化粧品(メイク)※季節などにより予告なく原産国が変更になることがあります。※パッケージ等は予告なく変更されることがあります。※衛生商品につき返品・交換は一切お受けできません。,qeen:10656999,【正規品・送料込】マック リップペンシル(1.45g),8690,item_price_min3,8690,8690,8690,8690,8690,8690,https://hb.afl.rakuten.co.jp/hgc/g00pu34g.ppohcff2.g00pu34g.ppohdc4b/?pc=https%3A%2F%2Fitem.rakuten.co.jp%2Fqeen%2F2102260000719%2F&m=http%3A%2F%2Fm.rakuten.co.jp%2Fqeen%2Fi%2F10656999%2F&rafcid=wsc_i_is_1053351987856881203,1,,,0,0,0,,0,https://hb.afl.rakuten.co.jp/hgc/g00pu34g.ppohcff2.g00pu34g.ppohdc4b/?pc=https%3A%2F%2Fwww.rakuten.co.jp%2Fqeen%2F&m=http%3A%2F%2Fm.rakuten.co.jp%2Fqeen%2F&rafcid=wsc_i_is_1053351987856881203,qeen,自然派化粧品　コスメ2000,0,https://hb.afl.rakuten.co.jp/hgc/g00pu34g.ppohcff2.g00pu34g.ppohdc4b/?pc=https%3A%2F%2Fwww.rakuten.co.jp%2Fqeen%2F&m=http%3A%2F%2Fm.rakuten.co.jp%2Fqeen%2F&rafcid=wsc_i_is_1053351987856881203,,,0
1,【プレゼント実施中！・お取寄せ手数料込】,https://thumbnail.image.rakuten.co.jp/@0_mall/qeen/cabinet/na/nars/2102230000220.jpg?_ex=128x128,https://thumbnail.image.rakuten.co.jp/@0_mall/qeen/cabinet/na/nars/2265s.jpg?_ex=128x128,https://thumbnail.image.rakuten.co.jp/@0_mall/qeen/cabinet/na/nars/puretuki.jpg?_ex=128x128,https://thumbnail.image.rakuten.co.jp/@0_mall/qeen/cabinet/na/nars/2102230000220.jpg?_ex=64x64,https://thumbnail.image.rakuten.co.jp/@0_mall/qeen/cabinet/na/nars/2265s.jpg?_ex=64x64,https://thumbnail.image.rakuten.co.jp/@0_mall/qeen/cabinet/na/nars/puretuki.jpg?_ex=64x64,4,https://hb.afl.rakuten.co.jp/hgc/g00pu34g.ppohcff2.g00pu34g.ppohdc4b/?pc=https%3A%2F%2Fitem.rakuten.co.jp%2Fqeen%2F2102230000220%2F&m=http%3A%2F%2Fm.rakuten.co.jp%2Fqeen%2Fi%2F10656990%2F&rafcid=wsc_i_is_1053351987856881203,,,0,1,,503106,0,1,CM:3000■ナーズ パワーマット ハイインテンシティ リップペンシル (2.4g)濃密に発色する大胆マットなリップペンシル狙い通りの描きやすさをペンシル型で叶え、クリームからマットに変化するテクスチャーは、スムースにグライドして密着し、大胆なマットリップに仕上がります。エモリエントオイル（保湿成分）に純度の高いピグメントをブレンドしたNARS独自のパワーピグメントコンプレックスが、なめらかでエフォートレスなグライドを実現します。濃密マット処方で圧倒的存在感を放つパワーマットハイインテンシティ リップペンシルで、唇を主役に。■販売価格等につきまして・1個での販売となっています。・代行手数料及び手配時の送料等が含まれています。お近くに売っていない地域の方にお届けするために価格設定していますのでデパート等よりも高額となっています。・こちらの商品は発送にお日にちが掛かる場合があります。ご了承くださいませ。■広告文責■お問い合わせ先:有限会社COSME2000　Tel.0745-79-0205(mail:order@cosme2000.jp)・発売・製造元又は輸入元:NARS JAPAN(ナーズ ジャパン)・原産国:イタリア・商品区分:化粧品(メイク)※季節などにより予告なく原産国が変更になることがあります。※パッケージ等は予告なく変更されることがあります。※衛生商品につき返品・交換は一切お受けできません。,qeen:10656990,【正規品・送料込】ナーズ パワーマット ハイインテンシティ リップペンシル (2.4g),9680,item_price_min3,9680,9680,9680,9680,9680,9680,https://hb.afl.rakuten.co.jp/hgc/g00pu34g.ppohcff2.g00pu34g.ppohdc4b/?pc=https%3A%2F%2Fitem.rakuten.co.jp%2Fqeen%2F2102230000220%2F&m=http%3A%2F%2Fm.rakuten.co.jp%2Fqeen%2Fi%2F10656990%2F&rafcid=wsc_i_is_1053351987856881203,1,,,0,0,0,,0,https://hb.afl.rakuten.co.jp/hgc/g00pu34g.ppohcff2.g00pu34g.ppohdc4b/?pc=https%3A%2F%2Fwww.rakuten.co.jp%2Fqeen%2F&m=http%3A%2F%2Fm.rakuten.co.jp%2Fqeen%2F&rafcid=wsc_i_is_1053351987856881203,qeen,自然派化粧品　コスメ2000,0,https://hb.afl.rakuten.co.jp/hgc/g00pu34g.ppohcff2.g00pu34g.ppohdc4b/?pc=https%3A%2F%2Fwww.rakuten.co.jp%2Fqeen%2F&m=http%3A%2F%2Fm.rakuten.co.jp%2Fqeen%2F&rafcid=wsc_i_is_1053351987856881203,,,0
1,【プレゼント実施中！・お取寄せ手数料込】,https://thumbnail.image.rakuten.co.jp/@0_mall/qeen/cabinet/sa/chanel/0002/3145891886214.jpg?_ex=128x128,https://thumbnail.image.rakuten.co.jp/@0_mall/qeen/cabinet/sa/chanel/0002/2949c.jpg?_ex=128x128,,https://thumbnail.image.rakuten.co.jp/@0_mall/qeen/cabinet/sa/chanel/0002/3145891886214.jpg?_ex=64x64,https://thumbnail.image.rakuten.co.jp/@0_mall/qeen/cabinet/sa/chanel/0002/2949c.jpg?_ex=64x64,,4,https://hb.afl.rakuten.co.jp/hgc/g00pu34g.ppohcff2.g00pu34g.ppohdc4b/?pc=https%3A%2F%2Fitem.rakuten.co.jp%2Fqeen%2F3145891886214%2F&m=http%3A%2F%2Fm.rakuten.co.jp%2Fqeen%2Fi%2F10651117%2F&rafcid=wsc_i_is_1053351987856881203,,,0,1,,503106,0,1,CM:4000■シャネル ル クレイヨン レーヴル 162 ヌード ブラン(1.2g)シャネルのアイコニックなリップペンシルなめらかな使い心地で鮮やかに発色し、唇の輪郭を美しく整えることが出来ます。セミマットのテクスチャーで、リップカラーのにじみを防ぎ、美しい仕上がりをロングラスティングさせます。《カラー：162 ヌード ブラン》■販売価格等につきまして・1個での販売となっています。・代行手数料及び手配時の送料等が含まれています。お近くに売っていない地域の方にお届けするために価格設定していますのでデパート等よりも高額となっています。・こちらの商品は発送にお日にちが掛かる場合があります。ご了承くださいませ。■広告文責■お問い合わせ先:有限会社COSME2000　Tel.0745-79-0205(mail:order@cosme2000.jp)・発売・製造元又は輸入元:シャネル株式会社・原産国:・商品区分:化粧品(メイク)※季節などにより予告なく原産国が変更になることがあります。※パッケージ等は予告なく変更されることがあります。※衛生商品につき返品・交換は一切お受けできません。,qeen:10651117,【正規品・送料込】シャネル ル クレイヨン レーヴル 162 ヌード ブラン(1.2g),11440,item_price_min3,11440,11440,11440,11440,11440,11440,https://hb.afl.rakuten.co.jp/hgc/g00pu34g.ppohcff2.g00pu34g.ppohdc4b/?pc=https%3A%2F%2Fitem.rakuten.co.jp%2Fqeen%2F3145891886214%2F&m=http%3A%2F%2Fm.rakuten.co.jp%2Fqeen%2Fi%2F10651117%2F&rafcid=wsc_i_is_1053351987856881203,1,,,0,0,0,,0,https://hb.afl.rakuten.co.jp/hgc/g00pu34g.ppohcff2.g00pu34g.ppohdc4b/?pc=https%3A%2F%2Fwww.rakuten.co.jp%2Fqeen%2F&m=http%3A%2F%2Fm.rakuten.co.jp%2Fqeen%2F&rafcid=wsc_i_is_1053351987856881203,qeen,自然派化粧品　コスメ2000,0,https://hb.afl.rakuten.co.jp/hgc/g00pu34g.ppohcff2.g00pu34g.ppohdc4b/?pc=https%3A%2F%2Fwww.rakuten.co.jp%2Fqeen%2F&m=http%3A%2F%2Fm.rakuten.co.jp%2Fqeen%2F&rafcid=wsc_i_is_1053351987856881203,,,0
1,【プレゼント実施中！・お取寄せ手数料込】,https://thumbnail.image.rakuten.co.jp/@0_mall/qeen/cabinet/sa/chanel/0002/3145891886252.jpg?_ex=128x128,https://thumbnail.image.rakuten.co.jp/@0_mall/qeen/cabinet/sa/chanel/0002/2950c.jpg?_ex=128x128,,https://thumbnail.image.rakuten.co.jp/@0_mall/qeen/cabinet/sa/chanel/0002/3145891886252.jpg?_ex=64x64,https://thumbnail.image.rakuten.co.jp/@0_mall/qeen/cabinet/sa/chanel/0002/2950c.jpg?_ex=64x64,,4,https://hb.afl.rakuten.co.jp/hgc/g00pu34g.ppohcff2.g00pu34g.ppohdc4b/?pc=https%3A%2F%2Fitem.rakuten.co.jp%2Fqeen%2F3145891886252%2F&m=http%3A%2F%2Fm.rakuten.co.jp%2Fqeen%2Fi%2F10651118%2F&rafcid=wsc_i_is_1053351987856881203,,,0,1,,503106,0,1,CM:4000■シャネル ル クレイヨン レーヴル 164 ピヴォワン(1.2g)シャネルのアイコニックなリップペンシルなめらかな使い心地で鮮やかに発色し、唇の輪郭を美しく整えることが出来ます。セミマットのテクスチャーで、リップカラーのにじみを防ぎ、美しい仕上がりをロングラスティングさせます。《カラー：164 ピヴォワン》■販売価格等につきまして・1個での販売となっています。・代行手数料及び手配時の送料等が含まれています。お近くに売っていない地域の方にお届けするために価格設定していますのでデパート等よりも高額となっています。・こちらの商品は発送にお日にちが掛かる場合があります。ご了承くださいませ。■広告文責■お問い合わせ先:有限会社COSME2000　Tel.0745-79-0205(mail:order@cosme2000.jp)・発売・製造元又は輸入元:シャネル株式会社・原産国:・商品区分:化粧品(メイク)※季節などにより予告なく原産国が変更になることがあります。※パッケージ等は予告なく変更されることがあります。※衛生商品につき返品・交換は一切お受けできません。,qeen:10651118,【正規品・送料込】シャネル ル クレイヨン レーヴル 164 ピヴォワン(1.2g),11440,item_price_min3,11440,11440,11440,11440,11440,11440,https://hb.afl.rakuten.co.jp/hgc/g00pu34g.ppohcff2.g00pu34g.ppohdc4b/?pc=https%3A%2F%2Fitem.rakuten.co.jp%2Fqeen%2F3145891886252%2F&m=http%3A%2F%2Fm.rakuten.co.jp%2Fqeen%2Fi%2F10651118%2F&rafcid=wsc_i_is_1053351987856881203,1,,,0,0,0,,0,https://hb.afl.rakuten.co.jp/hgc/g00pu34g.ppohcff2.g00pu34g.ppohdc4b/?pc=https%3A%2F%2Fwww.rakuten.co.jp%2Fqeen%2F&m=http%3A%2F%2Fm.rakuten.co.jp%2Fqeen%2F&rafcid=wsc_i_is_1053351987856881203,qeen,自然派化粧品　コスメ2000,0,https://hb.afl.rakuten.co.jp/hgc/g00pu34g.ppohcff2.g00pu34g.ppohdc4b/?pc=https%3A%2F%2Fwww.rakuten.co.jp%2Fqeen%2F&m=http%3A%2F%2Fm.rakuten.co.jp%2Fqeen%2F&rafcid=wsc_i_is_1053351987856881203,,,0
1,【プレゼント実施中！・お取寄せ手数料込】,https://thumbnail.image.rakuten.co.jp/@0_mall/qeen/cabinet/sa/chanel/0002/3145891886399.jpg?_ex=128x128,https://thumbnail.image.rakuten.co.jp/@0_mall/qeen/cabinet/sa/chanel/0002/2952c.jpg?_ex=128x128,,https://thumbnail.image.rakuten.co.jp/@0_mall/qeen/cabinet/sa/chanel/0002/3145891886399.jpg?_ex=64x64,https://thumbnail.image.rakuten.co.jp/@0_mall/qeen/cabinet/sa/chanel/0002/2952c.jpg?_ex=64x64,,4,https://hb.afl.rakuten.co.jp/hgc/g00pu34g.ppohcff2.g00pu34g.ppohdc4b/?pc=https%3A%2F%2Fitem.rakuten.co.jp%2Fqeen%2F3145891886399%2F&m=http%3A%2F%2Fm.rakuten.co.jp%2Fqeen%2Fi%2F10651120%2F&rafcid=wsc_i_is_1053351987856881203,,,0,1,,503106,0,1,CM:4000■シャネル ル クレイヨン レーヴル 178 ルージュ スリーズ(1.2g)シャネルのアイコニックなリップペンシルなめらかな使い心地で鮮やかに発色し、唇の輪郭を美しく整えることが出来ます。セミマットのテクスチャーで、リップカラーのにじみを防ぎ、美しい仕上がりをロングラスティングさせます。《カラー：178 ルージュ スリーズ》■販売価格等につきまして・1個での販売となっています。・代行手数料及び手配時の送料等が含まれています。お近くに売っていない地域の方にお届けするために価格設定していますのでデパート等よりも高額となっています。・こちらの商品は発送にお日にちが掛かる場合があります。ご了承くださいませ。■広告文責■お問い合わせ先:有限会社COSME2000　Tel.0745-79-0205(mail:order@cosme2000.jp)・発売・製造元又は輸入元:シャネル株式会社・原産国:・商品区分:化粧品(メイク)※季節などにより予告なく原産国が変更になることがあります。※パッケージ等は予告なく変更されることがあります。※衛生商品につき返品・交換は一切お受けできません。,qeen:10651120,【正規品・送料込】シャネル ル クレイヨン レーヴル 178 ルージュ スリーズ(1.2g),11440,item_price_min3,11440,11440,11440,11440,11440,11440,https://hb.afl.rakuten.co.jp/hgc/g00pu34g.ppohcff2.g00pu34g.ppohdc4b/?pc=https%3A%2F%2Fitem.rakuten.co.jp%2Fqeen%2F3145891886399%2F&m=http%3A%2F%2Fm.rakuten.co.jp%2Fqeen%2Fi%2F10651120%2F&rafcid=wsc_i_is_1053351987856881203,1,,,0,0,0,,0,https://hb.afl.rakuten.co.jp/hgc/g00pu34g.ppohcff2.g00pu34g.ppohdc4b/?pc=https%3A%2F%2Fwww.rakuten.co.jp%2Fqeen%2F&m=http%3A%2F%2Fm.rakuten.co.jp%2Fqeen%2F&rafcid=wsc_i_is_1053351987856881203,qeen,自然派化粧品　コスメ2000,0,https://hb.afl.rakuten.co.jp/hgc/g00pu34g.ppohcff2.g00pu34g.ppohdc4b/?pc=https%3A%2F%2Fwww.rakuten.co.jp%2Fqeen%2F&m=http%3A%2F%2Fm.rakuten.co.jp%2Fqeen%2F&rafcid=wsc_i_is_1053351987856881203,,,0
1,【プレゼント実施中！・お取寄せ手数料込】,https://thumbnail.image.rakuten.co.jp/@0_mall/qeen/cabinet/sa/chanel/0002/3145891886313.jpg?_ex=128x128,https://thumbnail.image.rakuten.co.jp/@0_mall/qeen/cabinet/sa/chanel/0002/2951c.jpg?_ex=128x128,,https://thumbnail.image.rakuten.co.jp/@0_mall/qeen/cabinet/sa/chanel/0002/3145891886313.jpg?_ex=64x64,https://thumbnail.image.rakuten.co.jp/@0_mall/qeen/cabinet/sa/chanel/0002/2951c.jpg?_ex=64x64,,4,https://hb.afl.rakuten.co.jp/hgc/g00pu34g.ppohcff2.g00pu34g.ppohdc4b/?pc=https%3A%2F%2Fitem.rakuten.co.jp%2Fqeen%2F3145891886313%2F&m=http%3A%2F%2Fm.rakuten.co.jp%2Fqeen%2Fi%2F10651126%2F&rafcid=wsc_i_is_1053351987856881203,,,0,1,,503106,0,1,CM:4000■シャネル ル クレイヨン レーヴル 172 ボワ ドゥ ローズ(1.2g)シャネルのアイコニックなリップペンシルなめらかな使い心地で鮮やかに発色し、唇の輪郭を美しく整えることが出来ます。セミマットのテクスチャーで、リップカラーのにじみを防ぎ、美しい仕上がりをロングラスティングさせます。《カラー：172 ボワ ドゥ ローズ》■販売価格等につきまして・1個での販売となっています。・代行手数料及び手配時の送料等が含まれています。お近くに売っていない地域の方にお届けするために価格設定していますのでデパート等よりも高額となっています。・こちらの商品は発送にお日にちが掛かる場合があります。ご了承くださいませ。■広告文責■お問い合わせ先:有限会社COSME2000　Tel.0745-79-0205(mail:order@cosme2000.jp)・発売・製造元又は輸入元:シャネル株式会社・原産国:・商品区分:化粧品(メイク)※季節などにより予告なく原産国が変更になることがあります。※パッケージ等は予告なく変更されることがあります。※衛生商品につき返品・交換は一切お受けできません。,qeen:10651126,【正規品・送料込】シャネル ル クレイヨン レーヴル 172 ボワ ドゥ ローズ(1.2g),11440,item_price_min3,11440,11440,11440,11440,11440,11440,https://hb.afl.rakuten.co.jp/hgc/g00pu34g.ppohcff2.g00pu34g.ppohdc4b/?pc=https%3A%2F%2Fitem.rakuten.co.jp%2Fqeen%2F3145891886313%2F&m=http%3A%2F%2Fm.rakuten.co.jp%2Fqeen%2Fi%2F10651126%2F&rafcid=wsc_i_is_1053351987856881203,1,,,0,0,0,,0,https://hb.afl.rakuten.co.jp/hgc/g00pu34g.ppohcff2.g00pu34g.ppohdc4b/?pc=https%3A%2F%2Fwww.rakuten.co.jp%2Fqeen%2F&m=http%3A%2F%2Fm.rakuten.co.jp%2Fqeen%2F&rafcid=wsc_i_is_1053351987856881203,qeen,自然派化粧品　コスメ2000,0,https://hb.afl.rakuten.co.jp/hgc/g00pu34g.ppohcff2.g00pu34g.ppohdc4b/?pc=https%3A%2F%2Fwww.rakuten.co.jp%2Fqeen%2F&m=http%3A%2F%2Fm.rakuten.co.jp%2Fqeen%2F&rafcid=wsc_i_is_1053351987856881203,,,0
1,【プレゼント実施中！・お取寄せ手数料込】,https://thumbnail.image.rakuten.co.jp/@0_mall/qeen/cabinet/sa/chanel/0002/3145891886450.jpg?_ex=128x128,https://thumbnail.image.rakuten.co.jp/@0_mall/qeen/cabinet/sa/chanel/0002/2953c.jpg?_ex=128x128,,https://thumbnail.image.rakuten.co.jp/@0_mall/qeen/cabinet/sa/chanel/0002/3145891886450.jpg?_ex=64x64,https://thumbnail.image.rakuten.co.jp/@0_mall/qeen/cabinet/sa/chanel/0002/2953c.jpg?_ex=64x64,,4,https://hb.afl.rakuten.co.jp/hgc/g00pu34g.ppohcff2.g00pu34g.ppohdc4b/?pc=https%3A%2F%2Fitem.rakuten.co.jp%2Fqeen%2F3145891886450%2F&m=http%3A%2F%2Fm.rakuten.co.jp%2Fqeen%2Fi%2F10651119%2F&rafcid=wsc_i_is_1053351987856881203,,,0,1,,503106,0,1,CM:4000■シャネル ル クレイヨン レーヴル 184 ルージュ アンタンス(1.2g)シャネルのアイコニックなリップペンシルなめらかな使い心地で鮮やかに発色し、唇の輪郭を美しく整えることが出来ます。セミマットのテクスチャーで、リップカラーのにじみを防ぎ、美しい仕上がりをロングラスティングさせます。《カラー：184 ルージュ アンタンス》■販売価格等につきまして・1個での販売となっています。・代行手数料及び手配時の送料等が含まれています。お近くに売っていない地域の方にお届けするために価格設定していますのでデパート等よりも高額となっています。・こちらの商品は発送にお日にちが掛かる場合があります。ご了承くださいませ。■広告文責■お問い合わせ先:有限会社COSME2000　Tel.0745-79-0205(mail:order@cosme2000.jp)・発売・製造元又は輸入元:シャネル株式会社・原産国:・商品区分:化粧品(メイク)※季節などにより予告なく原産国が変更になることがあります。※パッケージ等は予告なく変更されることがあります。※衛生商品につき返品・交換は一切お受けできません。,qeen:10651119,【正規品・送料込】シャネル ル クレイヨン レーヴル 184 ルージュ アンタンス(1.2g),11440,item_price_min3,11440,11440,11440,11440,11440,11440,https://hb.afl.rakuten.co.jp/hgc/g00pu34g.ppohcff2.g00pu34g.ppohdc4b/?pc=https%3A%2F%2Fitem.rakuten.co.jp%2Fqeen%2F3145891886450%2F&m=http%3A%2F%2Fm.rakuten.co.jp%2Fqeen%2Fi%2F10651119%2F&rafcid=wsc_i_is_1053351987856881203,1,,,0,0,0,,0,https://hb.afl.rakuten.co.jp/hgc/g00pu34g.ppohcff2.g00pu34g.ppohdc4b/?pc=https%3A%2F%2Fwww.rakuten.co.jp%2Fqeen%2F&m=http%3A%2F%2Fm.rakuten.co.jp%2Fqeen%2F&rafcid=wsc_i_is_1053351987856881203,qeen,自然派化粧品　コスメ2000,0,https://hb.afl.rakuten.co.jp/hgc/g00pu34g.ppohcff2.g00pu34g.ppohdc4b/?pc=https%3A%2F%2Fwww.rakuten.co.jp%2Fqeen%2F&m=http%3A%2F%2Fm.rakuten.co.jp%2Fqeen%2F&rafcid=wsc_i_is_1053351987856881203,,,0
1,【プレゼント実施中！・お取寄せ手数料込】,https://thumbnail.image.rakuten.co.jp/@0_mall/qeen/cabinet/sa/chanel/0002/3145891886177.jpg?_ex=128x128,https://thumbnail.image.rakuten.co.jp/@0_mall/qeen/cabinet/sa/chanel/0002/2947c.jpg?_ex=128x128,,https://thumbnail.image.rakuten.co.jp/@0_mall/qeen/cabinet/sa/chanel/0002/3145891886177.jpg?_ex=64x64,https://thumbnail.image.rakuten.co.jp/@0_mall/qeen/cabinet/sa/chanel/0002/2947c.jpg?_ex=64x64,,4,https://hb.afl.rakuten.co.jp/hgc/g00pu34g.ppohcff2.g00pu34g.ppohdc4b/?pc=https%3A%2F%2Fitem.rakuten.co.jp%2Fqeen%2F3145891886177%2F&m=http%3A%2F%2Fm.rakuten.co.jp%2Fqeen%2Fi%2F10651116%2F&rafcid=wsc_i_is_1053351987856881203,,,0,1,,503106,0,1,CM:4000■シャネル ル クレイヨン レーヴル 156 ベージュ ナチュレル(1.2g)シャネルのアイコニックなリップペンシルなめらかな使い心地で鮮やかに発色し、唇の輪郭を美しく整えることが出来ます。セミマットのテクスチャーで、リップカラーのにじみを防ぎ、美しい仕上がりをロングラスティングさせます。《カラー：156 ベージュ ナチュレル》■販売価格等につきまして・1個での販売となっています。・代行手数料及び手配時の送料等が含まれています。お近くに売っていない地域の方にお届けするために価格設定していますのでデパート等よりも高額となっています。・こちらの商品は発送にお日にちが掛かる場合があります。ご了承くださいませ。■広告文責■お問い合わせ先:有限会社COSME2000　Tel.0745-79-0205(mail:order@cosme2000.jp)・発売・製造元又は輸入元:シャネル株式会社・原産国:・商品区分:化粧品(メイク)※季節などにより予告なく原産国が変更になることがあります。※パッケージ等は予告なく変更されることがあります。※衛生商品につき返品・交換は一切お受けできません。,qeen:10651116,【正規品・送料込】シャネル ル クレイヨン レーヴル 156 ベージュ ナチュレル(1.2g),11440,item_price_min3,11440,11440,11440,11440,11440,11440,https://hb.afl.rakuten.co.jp/hgc/g00pu34g.ppohcff2.g00pu34g.ppohdc4b/?pc=https%3A%2F%2Fitem.rakuten.co.jp%2Fqeen%2F3145891886177%2F&m=http%3A%2F%2Fm.rakuten.co.jp%2Fqeen%2Fi%2F10651116%2F&rafcid=wsc_i_is_1053351987856881203,1,,,0,0,0,,0,https://hb.afl.rakuten.co.jp/hgc/g00pu34g.ppohcff2.g00pu34g.ppohdc4b/?pc=https%3A%2F%2Fwww.rakuten.co.jp%2Fqeen%2F&m=http%3A%2F%2Fm.rakuten.co.jp%2Fqeen%2F&rafcid=wsc_i_is_1053351987856881203,qeen,自然派化粧品　コスメ2000,0,https://hb.afl.rakuten.co.jp/hgc/g00pu34g.ppohcff2.g00pu34g.ppohdc4b/?pc=https%3A%2F%2Fwww.rakuten.co.jp%2Fqeen%2F&m=http%3A%2F%2Fm.rakuten.co.jp%2Fqeen%2F&rafcid=wsc_i_is_1053351987856881203,,,0
1,【プレゼント実施中！・お取寄せ手数料込】,https://thumbnail.image.rakuten.co.jp/@0_mall/qeen/cabinet/sa/chanel/0002/3145891886115.jpg?_ex=128x128,https://thumbnail.image.rakuten.co.jp/@0_mall/qeen/cabinet/sa/chanel/0002/2946c.jpg?_ex=128x128,,https://thumbnail.image.rakuten.co.jp/@0_mall/qeen/cabinet/sa/chanel/0002/3145891886115.jpg?_ex=64x64,https://thumbnail.image.rakuten.co.jp/@0_mall/qeen/cabinet/sa/chanel/0002/2946c.jpg?_ex=64x64,,4,https://hb.afl.rakuten.co.jp/hgc/g00pu34g.ppohcff2.g00pu34g.ppohdc4b/?pc=https%3A%2F%2Fitem.rakuten.co.jp%2Fqeen%2F3145891886115%2F&m=http%3A%2F%2Fm.rakuten.co.jp%2Fqeen%2Fi%2F10651114%2F&rafcid=wsc_i_is_1053351987856881203,,,0,1,,503106,0,1,CM:4000■シャネル ル クレイヨン レーヴル 152 クリア(1.2g)シャネルのアイコニックなリップペンシルなめらかな使い心地で鮮やかに発色し、唇の輪郭を美しく整えることが出来ます。セミマットのテクスチャーで、リップカラーのにじみを防ぎ、美しい仕上がりをロングラスティングさせます。《カラー：152 クリア》■販売価格等につきまして・1個での販売となっています。・代行手数料及び手配時の送料等が含まれています。お近くに売っていない地域の方にお届けするために価格設定していますのでデパート等よりも高額となっています。・こちらの商品は発送にお日にちが掛かる場合があります。ご了承くださいませ。■広告文責■お問い合わせ先:有限会社COSME2000　Tel.0745-79-0205(mail:order@cosme2000.jp)・発売・製造元又は輸入元:シャネル株式会社・原産国:・商品区分:化粧品(メイク)※季節などにより予告なく原産国が変更になることがあります。※パッケージ等は予告なく変更されることがあります。※衛生商品につき返品・交換は一切お受けできません。,qeen:10651114,【正規品・送料込】シャネル ル クレイヨン レーヴル 152 クリア(1.2g),11440,item_price_min3,11440,11440,11440,11440,11440,11440,https://hb.afl.rakuten.co.jp/hgc/g00pu34g.ppohcff2.g00pu34g.ppohdc4b/?pc=https%3A%2F%2Fitem.rakuten.co.jp%2Fqeen%2F3145891886115%2F&m=http%3A%2F%2Fm.rakuten.co.jp%2Fqeen%2Fi%2F10651114%2F&rafcid=wsc_i_is_1053351987856881203,1,,,0,0,0,,0,https://hb.afl.rakuten.co.jp/hgc/g00pu34g.ppohcff2.g00pu34g.ppohdc4b/?pc=https%3A%2F%2Fwww.rakuten.co.jp%2Fqeen%2F&m=http%3A%2F%2Fm.rakuten.co.jp%2Fqeen%2F&rafcid=wsc_i_is_1053351987856881203,qeen,自然派化粧品　コスメ2000,0,https://hb.afl.rakuten.co.jp/hgc/g00pu34g.ppohcff2.g00pu34g.ppohdc4b/?pc=https%3A%2F%2Fwww.rakuten.co.jp%2Fqeen%2F&m=http%3A%2F%2Fm.rakuten.co.jp%2Fqeen%2F&rafcid=wsc_i_is_1053351987856881203,,,0
1,【プレゼント実施中！・お取寄せ手数料込】,https://thumbnail.image.rakuten.co.jp/@0_mall/qeen/cabinet/sa/chanel/0002/3145891886191.jpg?_ex=128x128,https://thumbnail.image.rakuten.co.jp/@0_mall/qeen/cabinet/sa/chanel/0002/2948c.jpg?_ex=128x128,,https://thumbnail.image.rakuten.co.jp/@0_mall/qeen/cabinet/sa/chanel/0002/3145891886191.jpg?_ex=64x64,https://thumbnail.image.rakuten.co.jp/@0_mall/qeen/cabinet/sa/chanel/0002/2948c.jpg?_ex=64x64,,4,https://hb.afl.rakuten.co.jp/hgc/g00pu34g.ppohcff2.g00pu34g.ppohdc4b/?pc=https%3A%2F%2Fitem.rakuten.co.jp%2Fqeen%2F3145891886191%2F&m=http%3A%2F%2Fm.rakuten.co.jp%2Fqeen%2Fi%2F10651115%2F&rafcid=wsc_i_is_1053351987856881203,,,0,1,,503106,0,1,CM:4000■シャネル ル クレイヨン レーヴル 158 ローズ ナチュレル(1.2g)シャネルのアイコニックなリップペンシルなめらかな使い心地で鮮やかに発色し、唇の輪郭を美しく整えることが出来ます。セミマットのテクスチャーで、リップカラーのにじみを防ぎ、美しい仕上がりをロングラスティングさせます。《カラー：158 ローズ ナチュレル》■販売価格等につきまして・1個での販売となっています。・代行手数料及び手配時の送料等が含まれています。お近くに売っていない地域の方にお届けするために価格設定していますのでデパート等よりも高額となっています。・こちらの商品は発送にお日にちが掛かる場合があります。ご了承くださいませ。■広告文責■お問い合わせ先:有限会社COSME2000　Tel.0745-79-0205(mail:order@cosme2000.jp)・発売・製造元又は輸入元:シャネル株式会社・原産国:・商品区分:化粧品(メイク)※季節などにより予告なく原産国が変更になることがあります。※パッケージ等は予告なく変更されることがあります。※衛生商品につき返品・交換は一切お受けできません。,qeen:10651115,【正規品・送料込】シャネル ル クレイヨン レーヴル 158 ローズ ナチュレル(1.2g),11440,item_price_min3,11440,11440,11440,11440,11440,11440,https://hb.afl.rakuten.co.jp/hgc/g00pu34g.ppohcff2.g00pu34g.ppohdc4b/?pc=https%3A%2F%2Fitem.rakuten.co.jp%2Fqeen%2F3145891886191%2F&m=http%3A%2F%2Fm.rakuten.co.jp%2Fqeen%2Fi%2F10651115%2F&rafcid=wsc_i_is_1053351987856881203,1,,,0,0,0,,0,https://hb.afl.rakuten.co.jp/hgc/g00pu34g.ppohcff2.g00pu34g.ppohdc4b/?pc=https%3A%2F%2Fwww.rakuten.co.jp%2Fqeen%2F&m=http%3A%2F%2Fm.rakuten.co.jp%2Fqeen%2F&rafcid=wsc_i_is_1053351987856881203,qeen,自然派化粧品　コスメ2000,0,https://hb.afl.rakuten.co.jp/hgc/g00pu34g.ppohcff2.g00pu34g.ppohdc4b/?pc=https%3A%2F%2Fwww.rakuten.co.jp%2Fqeen%2F&m=http%3A%2F%2Fm.rakuten.co.jp%2Fqeen%2F&rafcid=wsc_i_is_1053351987856881203,,,0
1,※品切れの際はご容赦ください。,https://thumbnail.image.rakuten.co.jp/@0_mall/rareu/cabinet/10356246/imgrc0157265635.jpg?_ex=128x128,https://thumbnail.image.rakuten.co.jp/@0_mall/rareu/cabinet/09646413/imgrc0148566277.jpg?_ex=128x128,,https://thumbnail.image.rakuten.co.jp/@0_mall/rareu/cabinet/10356246/imgrc0157265635.jpg?_ex=64x64,https://thumbnail.image.rakuten.co.jp/@0_mall/rareu/cabinet/09646413/imgrc0148566277.jpg?_ex=64x64,,4,https://hb.afl.rakuten.co.jp/hgc/g00u4tbg.ppohc17c.g00u4tbg.ppohd66f/?pc=https%3A%2F%2Fitem.rakuten.co.jp%2Frareu%2F2022092404%2F&m=http%3A%2F%2Fm.rakuten.co.jp%2Frareu%2Fi%2F10005102%2F&rafcid=wsc_i_is_1053351987856881203,,,0,1,,503106,0,1,メ—カー バイレード 商品名 リキッドリップスティック　ヴァイナル 容量 4mL／リップ 商品説明 ひと塗りで豊かな彩りとやみつきになる輝きを。 10色のニュートラルなヌードカラーから選べる「リキッドリップスティック ヴァイナル」は、唇にうるおいを与え、包み込むように密着。ツヤやかな仕上がりになります。オイルやシアバターを配合したクリーミーなヴィーガン処方※。にじみにくくベタつかない、乾きにくい処方により、長時間快適な使い心地が続きます。 クール、ニュートラル、ウォームなトーンのラインナップで、あらゆる顔色や肌のトーンにフィットし、本能的な表現を可能にする無限の可能性を秘めたアイテムです。 ファントム：クリア モラス：濃密なブラウン ヴェスヴィオ：アーシーなオレンジ ベゼ コズミック：ゴールドシマーダークピンク ター デザート：温かみのあるヌードカラー フラッシュド：モーヴピンク リキッド プライド：ウォームコーラル オーバーン：ソフトブリックブラウン スカーレットリバー：インテンスピンクレッド リーズナブル ダウト：ピンクヌードカラー 区分 化粧品 製造国 日本製,rareu:10005102,国内正規品　バイレード（BYREDO）　リキッドリップスティック　ヴァイナル,8536,item_price_min3,8536,8536,8536,8536,8536,8536,https://hb.afl.rakuten.co.jp/hgc/g00u4tbg.ppohc17c.g00u4tbg.ppohd66f/?pc=https%3A%2F%2Fitem.rakuten.co.jp%2Frareu%2F2022092404%2F&m=http%3A%2F%2Fm.rakuten.co.jp%2Frareu%2Fi%2F10005102%2F&rafcid=wsc_i_is_1053351987856881203,1,,,0,0,0,,0,https://hb.afl.rakuten.co.jp/hgc/g00u4tbg.ppohc17c.g00u4tbg.ppohd66f/?pc=https%3A%2F%2Fwww.rakuten.co.jp%2Frareu%2F&m=http%3A%2F%2Fm.rakuten.co.jp%2Frareu%2F&rafcid=wsc_i_is_1053351987856881203,rareu,i’vlesse,0,https://hb.afl.rakuten.co.jp/hgc/g00u4tbg.ppohc17c.g00u4tbg.ppohd66f/?pc=https%3A%2F%2Fwww.rakuten.co.jp%2Frareu%2F&m=http%3A%2F%2Fm.rakuten.co.jp%2Frareu%2F&rafcid=wsc_i_is_1053351987856881203,,,0
1,【プレゼント実施中！・お取寄せ手数料込】,https://thumbnail.image.rakuten.co.jp/@0_mall/qeen/cabinet/ka/dior/0003/3348901523820.jpg?_ex=128x128,https://thumbnail.image.rakuten.co.jp/@0_mall/qeen/cabinet/ka/dior/0003/2044c.jpg?_ex=128x128,,https://thumbnail.image.rakuten.co.jp/@0_mall/qeen/cabinet/ka/dior/0003/3348901523820.jpg?_ex=64x64,https://thumbnail.image.rakuten.co.jp/@0_mall/qeen/cabinet/ka/dior/0003/2044c.jpg?_ex=64x64,,4,https://hb.afl.rakuten.co.jp/hgc/g00pu34g.ppohcff2.g00pu34g.ppohdc4b/?pc=https%3A%2F%2Fitem.rakuten.co.jp%2Fqeen%2F3348901523820%2F&m=http%3A%2F%2Fm.rakuten.co.jp%2Fqeen%2Fi%2F10626952%2F&rafcid=wsc_i_is_1053351987856881203,,,0,1,,503106,0,1,CM:3900■クリスチャンディオール ディオール コントゥール 028 アクトリス色移りせず、長時間美しい仕上がりが続くリップライナー驚くほどソフトな先端が唇の上を滑り、長時間持続する濃密な発色を実現。ピオニーとザクロ フラワーを配合したフォーミュラは、抜群のつけ心地を約束します。シャープナー＆リップブラシ付き。《カラー：028 アクトリス》■販売価格等につきまして・1個での販売となっています。・代行手数料及び手配時の送料等が含まれています。お近くに売っていない地域の方にお届けするために価格設定していますのでデパート等よりも高額となっています。・こちらの商品は発送にお日にちが掛かる場合があります。ご了承くださいませ。■広告文責■お問い合わせ先:有限会社COSME2000　Tel.0745-79-0205(mail:order@cosme2000.jp)・発売・製造元又は輸入元:クリスチャンディオール株式会社・原産国:海外製(フランス)・商品区分:その他(スキンケア)※季節などにより予告なく原産国が変更になることがあります。※パッケージ等は予告なく変更されることがあります。※衛生商品につき返品・交換は一切お受けできません。,qeen:10626952,【正規品・送料込】クリスチャンディオール ルージュ ディオール コントゥール 028 アクトリス,10230,item_price_min3,10230,10230,10230,10230,10230,10230,https://hb.afl.rakuten.co.jp/hgc/g00pu34g.ppohcff2.g00pu34g.ppohdc4b/?pc=https%3A%2F%2Fitem.rakuten.co.jp%2Fqeen%2F3348901523820%2F&m=http%3A%2F%2Fm.rakuten.co.jp%2Fqeen%2Fi%2F10626952%2F&rafcid=wsc_i_is_1053351987856881203,1,,,0,0,0,,0,https://hb.afl.rakuten.co.jp/hgc/g00pu34g.ppohcff2.g00pu34g.ppohdc4b/?pc=https%3A%2F%2Fwww.rakuten.co.jp%2Fqeen%2F&m=http%3A%2F%2Fm.rakuten.co.jp%2Fqeen%2F&rafcid=wsc_i_is_1053351987856881203,qeen,自然派化粧品　コスメ2000,0,https://hb.afl.rakuten.co.jp/hgc/g00pu34g.ppohcff2.g00pu34g.ppohdc4b/?pc=https%3A%2F%2Fwww.rakuten.co.jp%2Fqeen%2F&m=http%3A%2F%2Fm.rakuten.co.jp%2Fqeen%2F&rafcid=wsc_i_is_1053351987856881203,,,0
1,【プレゼント実施中！・お取寄せ手数料込】,https://thumbnail.image.rakuten.co.jp/@0_mall/qeen/cabinet/ka/dior/0003/3348901523769.jpg?_ex=128x128,https://thumbnail.image.rakuten.co.jp/@0_mall/qeen/cabinet/ka/dior/0003/2051c.jpg?_ex=128x128,,https://thumbnail.image.rakuten.co.jp/@0_mall/qeen/cabinet/ka/dior/0003/3348901523769.jpg?_ex=64x64,https://thumbnail.image.rakuten.co.jp/@0_mall/qeen/cabinet/ka/dior/0003/2051c.jpg?_ex=64x64,,4,https://hb.afl.rakuten.co.jp/hgc/g00pu34g.ppohcff2.g00pu34g.ppohdc4b/?pc=https%3A%2F%2Fitem.rakuten.co.jp%2Fqeen%2F3348901523769%2F&m=http%3A%2F%2Fm.rakuten.co.jp%2Fqeen%2Fi%2F10626959%2F&rafcid=wsc_i_is_1053351987856881203,,,0,1,,503106,0,1,CM:3900■クリスチャンディオール ディオール コントゥール 678 カルト色移りせず、長時間美しい仕上がりが続くリップライナー驚くほどソフトな先端が唇の上を滑り、長時間持続する濃密な発色を実現。ピオニーとザクロ フラワーを配合したフォーミュラは、抜群のつけ心地を約束します。シャープナー＆リップブラシ付き。《カラー：678 カルト》■販売価格等につきまして・1個での販売となっています。・代行手数料及び手配時の送料等が含まれています。お近くに売っていない地域の方にお届けするために価格設定していますのでデパート等よりも高額となっています。・こちらの商品は発送にお日にちが掛かる場合があります。ご了承くださいませ。■広告文責■お問い合わせ先:有限会社COSME2000　Tel.0745-79-0205(mail:order@cosme2000.jp)・発売・製造元又は輸入元:クリスチャンディオール株式会社・原産国:海外製(フランス)・商品区分:その他(スキンケア)※季節などにより予告なく原産国が変更になることがあります。※パッケージ等は予告なく変更されることがあります。※衛生商品につき返品・交換は一切お受けできません。,qeen:10626959,【正規品・送料込】クリスチャンディオール ルージュ ディオール コントゥール 678 カルト,10230,item_price_min3,10230,10230,10230,10230,10230,10230,https://hb.afl.rakuten.co.jp/hgc/g00pu34g.ppohcff2.g00pu34g.ppohdc4b/?pc=https%3A%2F%2Fitem.rakuten.co.jp%2Fqeen%2F3348901523769%2F&m=http%3A%2F%2Fm.rakuten.co.jp%2Fqeen%2Fi%2F10626959%2F&rafcid=wsc_i_is_1053351987856881203,1,,,0,0,0,,0,https://hb.afl.rakuten.co.jp/hgc/g00pu34g.ppohcff2.g00pu34g.ppohdc4b/?pc=https%3A%2F%2Fwww.rakuten.co.jp%2Fqeen%2F&m=http%3A%2F%2Fm.rakuten.co.jp%2Fqeen%2F&rafcid=wsc_i_is_1053351987856881203,qeen,自然派化粧品　コスメ2000,0,https://hb.afl.rakuten.co.jp/hgc/g00pu34g.ppohcff2.g00pu34g.ppohdc4b/?pc=https%3A%2F%2Fwww.rakuten.co.jp%2Fqeen%2F&m=http%3A%2F%2Fm.rakuten.co.jp%2Fqeen%2F&rafcid=wsc_i_is_1053351987856881203,,,0
1,【プレゼント実施中！・お取寄せ手数料込】,https://thumbnail.image.rakuten.co.jp/@0_mall/qeen/cabinet/ka/dior/0003/3348901534031.jpg?_ex=128x128,https://thumbnail.image.rakuten.co.jp/@0_mall/qeen/cabinet/ka/dior/0003/2050c.jpg?_ex=128x128,,https://thumbnail.image.rakuten.co.jp/@0_mall/qeen/cabinet/ka/dior/0003/3348901534031.jpg?_ex=64x64,https://thumbnail.image.rakuten.co.jp/@0_mall/qeen/cabinet/ka/dior/0003/2050c.jpg?_ex=64x64,,4,https://hb.afl.rakuten.co.jp/hgc/g00pu34g.ppohcff2.g00pu34g.ppohdc4b/?pc=https%3A%2F%2Fitem.rakuten.co.jp%2Fqeen%2F3348901534031%2F&m=http%3A%2F%2Fm.rakuten.co.jp%2Fqeen%2Fi%2F10626958%2F&rafcid=wsc_i_is_1053351987856881203,,,0,1,,503106,0,1,CM:3900■クリスチャンディオール ディオール コントゥール 525 シェリー色移りせず、長時間美しい仕上がりが続くリップライナー驚くほどソフトな先端が唇の上を滑り、長時間持続する濃密な発色を実現。ピオニーとザクロ フラワーを配合したフォーミュラは、抜群のつけ心地を約束します。シャープナー＆リップブラシ付き。《カラー：525 シェリー》■販売価格等につきまして・1個での販売となっています。・代行手数料及び手配時の送料等が含まれています。お近くに売っていない地域の方にお届けするために価格設定していますのでデパート等よりも高額となっています。・こちらの商品は発送にお日にちが掛かる場合があります。ご了承くださいませ。■広告文責■お問い合わせ先:有限会社COSME2000　Tel.0745-79-0205(mail:order@cosme2000.jp)・発売・製造元又は輸入元:クリスチャンディオール株式会社・原産国:海外製(フランス)・商品区分:その他(スキンケア)※季節などにより予告なく原産国が変更になることがあります。※パッケージ等は予告なく変更されることがあります。※衛生商品につき返品・交換は一切お受けできません。,qeen:10626958,【正規品・送料込】クリスチャンディオール ルージュ ディオール コントゥール 525 シェリー,10230,item_price_min3,10230,10230,10230,10230,10230,10230,https://hb.afl.rakuten.co.jp/hgc/g00pu34g.ppohcff2.g00pu34g.ppohdc4b/?pc=https%3A%2F%2Fitem.rakuten.co.jp%2Fqeen%2F3348901534031%2F&m=http%3A%2F%2Fm.rakuten.co.jp%2Fqeen%2Fi%2F10626958%2F&rafcid=wsc_i_is_1053351987856881203,1,,,0,0,0,,0,https://hb.afl.rakuten.co.jp/hgc/g00pu34g.ppohcff2.g00pu34g.ppohdc4b/?pc=https%3A%2F%2Fwww.rakuten.co.jp%2Fqeen%2F&m=http%3A%2F%2Fm.rakuten.co.jp%2Fqeen%2F&rafcid=wsc_i_is_1053351987856881203,qeen,自然派化粧品　コスメ2000,0,https://hb.afl.rakuten.co.jp/hgc/g00pu34g.ppohcff2.g00pu34g.ppohdc4b/?pc=https%3A%2F%2Fwww.rakuten.co.jp%2Fqeen%2F&m=http%3A%2F%2Fm.rakuten.co.jp%2Fqeen%2F&rafcid=wsc_i_is_1053351987856881203,,,0
1,【プレゼント実施中！・お取寄せ手数料込】,https://thumbnail.image.rakuten.co.jp/@0_mall/qeen/cabinet/ka/dior/0003/3348901534024.jpg?_ex=128x128,https://thumbnail.image.rakuten.co.jp/@0_mall/qeen/cabinet/ka/dior/0003/2047c.jpg?_ex=128x128,,https://thumbnail.image.rakuten.co.jp/@0_mall/qeen/cabinet/ka/dior/0003/3348901534024.jpg?_ex=64x64,https://thumbnail.image.rakuten.co.jp/@0_mall/qeen/cabinet/ka/dior/0003/2047c.jpg?_ex=64x64,,4,https://hb.afl.rakuten.co.jp/hgc/g00pu34g.ppohcff2.g00pu34g.ppohdc4b/?pc=https%3A%2F%2Fitem.rakuten.co.jp%2Fqeen%2F3348901534024%2F&m=http%3A%2F%2Fm.rakuten.co.jp%2Fqeen%2Fi%2F10626955%2F&rafcid=wsc_i_is_1053351987856881203,,,0,1,,503106,0,1,CM:3900■クリスチャンディオール ディオール コントゥール 100 ヌード ルック色移りせず、長時間美しい仕上がりが続くリップライナー驚くほどソフトな先端が唇の上を滑り、長時間持続する濃密な発色を実現。ピオニーとザクロ フラワーを配合したフォーミュラは、抜群のつけ心地を約束します。シャープナー＆リップブラシ付き。《カラー：100 ヌード ルック》■販売価格等につきまして・1個での販売となっています。・代行手数料及び手配時の送料等が含まれています。お近くに売っていない地域の方にお届けするために価格設定していますのでデパート等よりも高額となっています。・こちらの商品は発送にお日にちが掛かる場合があります。ご了承くださいませ。■広告文責■お問い合わせ先:有限会社COSME2000　Tel.0745-79-0205(mail:order@cosme2000.jp)・発売・製造元又は輸入元:クリスチャンディオール株式会社・原産国:海外製(フランス)・商品区分:その他(スキンケア)※季節などにより予告なく原産国が変更になることがあります。※パッケージ等は予告なく変更されることがあります。※衛生商品につき返品・交換は一切お受けできません。,qeen:10626955,【正規品・送料込】クリスチャンディオール ルージュ ディオール コントゥール 100 ヌード ルック,10230,item_price_min3,10230,10230,10230,10230,10230,10230,https://hb.afl.rakuten.co.jp/hgc/g00pu34g.ppohcff2.g00pu34g.ppohdc4b/?pc=https%3A%2F%2Fitem.rakuten.co.jp%2Fqeen%2F3348901534024%2F&m=http%3A%2F%2Fm.rakuten.co.jp%2Fqeen%2Fi%2F10626955%2F&rafcid=wsc_i_is_1053351987856881203,1,,,0,0,0,,0,https://hb.afl.rakuten.co.jp/hgc/g00pu34g.ppohcff2.g00pu34g.ppohdc4b/?pc=https%3A%2F%2Fwww.rakuten.co.jp%2Fqeen%2F&m=http%3A%2F%2Fm.rakuten.co.jp%2Fqeen%2F&rafcid=wsc_i_is_1053351987856881203,qeen,自然派化粧品　コスメ2000,0,https://hb.afl.rakuten.co.jp/hgc/g00pu34g.ppohcff2.g00pu34g.ppohdc4b/?pc=https%3A%2F%2Fwww.rakuten.co.jp%2Fqeen%2F&m=http%3A%2F%2Fm.rakuten.co.jp%2Fqeen%2F&rafcid=wsc_i_is_1053351987856881203,,,0
1,【プレゼント実施中！・お取寄せ手数料込】,https://thumbnail.image.rakuten.co.jp/@0_mall/qeen/cabinet/ka/dior/0003/3348901523622.jpg?_ex=128x128,https://thumbnail.image.rakuten.co.jp/@0_mall/qeen/cabinet/ka/dior/0003/2046c.jpg?_ex=128x128,,https://thumbnail.image.rakuten.co.jp/@0_mall/qeen/cabinet/ka/dior/0003/3348901523622.jpg?_ex=64x64,https://thumbnail.image.rakuten.co.jp/@0_mall/qeen/cabinet/ka/dior/0003/2046c.jpg?_ex=64x64,,4,https://hb.afl.rakuten.co.jp/hgc/g00pu34g.ppohcff2.g00pu34g.ppohdc4b/?pc=https%3A%2F%2Fitem.rakuten.co.jp%2Fqeen%2F3348901523622%2F&m=http%3A%2F%2Fm.rakuten.co.jp%2Fqeen%2Fi%2F10626954%2F&rafcid=wsc_i_is_1053351987856881203,,,0,1,,503106,0,1,CM:3900■クリスチャンディオール ディオール コントゥール 080 レッド スマイル色移りせず、長時間美しい仕上がりが続くリップライナー驚くほどソフトな先端が唇の上を滑り、長時間持続する濃密な発色を実現。ピオニーとザクロ フラワーを配合したフォーミュラは、抜群のつけ心地を約束します。シャープナー＆リップブラシ付き。《カラー：080 レッド スマイル》■販売価格等につきまして・1個での販売となっています。・代行手数料及び手配時の送料等が含まれています。お近くに売っていない地域の方にお届けするために価格設定していますのでデパート等よりも高額となっています。・こちらの商品は発送にお日にちが掛かる場合があります。ご了承くださいませ。■広告文責■お問い合わせ先:有限会社COSME2000　Tel.0745-79-0205(mail:order@cosme2000.jp)・発売・製造元又は輸入元:クリスチャンディオール株式会社・原産国:海外製(フランス)・商品区分:その他(スキンケア)※季節などにより予告なく原産国が変更になることがあります。※パッケージ等は予告なく変更されることがあります。※衛生商品につき返品・交換は一切お受けできません。,qeen:10626954,【正規品・送料込】クリスチャンディオール ルージュ ディオール コントゥール 080 レッド スマイル,10230,item_price_min3,10230,10230,10230,10230,10230,10230,https://hb.afl.rakuten.co.jp/hgc/g00pu34g.ppohcff2.g00pu34g.ppohdc4b/?pc=https%3A%2F%2Fitem.rakuten.co.jp%2Fqeen%2F3348901523622%2F&m=http%3A%2F%2Fm.rakuten.co.jp%2Fqeen%2Fi%2F10626954%2F&rafcid=wsc_i_is_1053351987856881203,1,,,0,0,0,,0,https://hb.afl.rakuten.co.jp/hgc/g00pu34g.ppohcff2.g00pu34g.ppohdc4b/?pc=https%3A%2F%2Fwww.rakuten.co.jp%2Fqeen%2F&m=http%3A%2F%2Fm.rakuten.co.jp%2Fqeen%2F&rafcid=wsc_i_is_1053351987856881203,qeen,自然派化粧品　コスメ2000,0,https://hb.afl.rakuten.co.jp/hgc/g00pu34g.ppohcff2.g00pu34g.ppohdc4b/?pc=https%3A%2F%2Fwww.rakuten.co.jp%2Fqeen%2F&m=http%3A%2F%2Fm.rakuten.co.jp%2Fqeen%2F&rafcid=wsc_i_is_1053351987856881203,,,0
1,,https://thumbnail.image.rakuten.co.jp/@0_mall/rareu/cabinet/10264034/imgrc0156078508.jpg?_ex=128x128,,,https://thumbnail.image.rakuten.co.jp/@0_mall/rareu/cabinet/10264034/imgrc0156078508.jpg?_ex=64x64,,,4,https://hb.afl.rakuten.co.jp/hgc/g00u4tbg.ppohc17c.g00u4tbg.ppohd66f/?pc=https%3A%2F%2Fitem.rakuten.co.jp%2Frareu%2F2023102922%2F&m=http%3A%2F%2Fm.rakuten.co.jp%2Frareu%2Fi%2F10009461%2F&rafcid=wsc_i_is_1053351987856881203,,,0,1,,503106,0,1,メ—カー アルビオン 商品名 エクストラクト ローズ ジュレ BR 内容量 15g×30袋 商品説明 いつでも美しさをチャージする 手軽なスイーツ感覚のローズジュレ いつまでもみずみずしく、美しく明るく輝く毎日へ。 ダマスクローズウォーターとパイナップル由来セラミド、桂花エキス、低分子フカヒレコラーゲン、メリッサエキス、ざくろ果汁、鉄分などの成分を配合したジュレタイプの美容食品です。 プルンとやわらかなジュレタイプで、爽やかな甘酸っぱさと豊かな香りのローズ＆ピーチ味。続けやすいおいしさで、うるいおいのある美しさをサポートします。 ご使用方法 1日1袋を目安に、冷やしてお召し上がりください。 【ご注意】 ◇原料により食感や色調、風味にばらつきが生じたり、時間の経過により食感や色調が変化する場合がありますが、品質には問題ありません。 ◇原材料をご参照の上、食物アレルギーのあるかたはお召し上がりにならないでください。また、体調・体質により、まれに合わない場合がありますので、その場合はご使用をお控えください。 ◇妊娠・授乳中のかた、薬を服用中あるいは通院中のかたは医師や薬剤師にご相談の上お召し上がりください。 ◇やわらかいゼリー状ですので、開封の際は、中身の飛び散りやこぼれによって衣類などをよごさないようご注意ください。衣類についたときは、水ですぐにもみ洗いをしてください。 ◇袋のカドや切り口で手・口を切らないようにご注意ください。 ◇開封後はすぐにお召し上がりください。 ◇製品の性質上、多少の水分が出てきますが、品質に問題ありません。 ◇袋が破損する恐れがありますので、加温・冷凍はしないでください。 ◇乳幼児の手の届かないところに保管してください。 ◇食生活は、主食、主菜、副菜を基本に、食事のバランスを 。 区分 化粧品 製造国 日本製,rareu:10009461,国内正規品 ALBION　アルビオン　エクストラクト ローズ ジュレ BR　15g×30袋,9680,item_price_min3,9680,9680,9680,9680,9680,9680,https://hb.afl.rakuten.co.jp/hgc/g00u4tbg.ppohc17c.g00u4tbg.ppohd66f/?pc=https%3A%2F%2Fitem.rakuten.co.jp%2Frareu%2F2023102922%2F&m=http%3A%2F%2Fm.rakuten.co.jp%2Frareu%2Fi%2F10009461%2F&rafcid=wsc_i_is_1053351987856881203,1,,,0,0,0,,0,https://hb.afl.rakuten.co.jp/hgc/g00u4tbg.ppohc17c.g00u4tbg.ppohd66f/?pc=https%3A%2F%2Fwww.rakuten.co.jp%2Frareu%2F&m=http%3A%2F%2Fm.rakuten.co.jp%2Frareu%2F&rafcid=wsc_i_is_1053351987856881203,rareu,i’vlesse,0,https://hb.afl.rakuten.co.jp/hgc/g00u4tbg.ppohc17c.g00u4tbg.ppohd66f/?pc=https%3A%2F%2Fwww.rakuten.co.jp%2Frareu%2F&m=http%3A%2F%2Fm.rakuten.co.jp%2Frareu%2F&rafcid=wsc_i_is_1053351987856881203,,,0
1,★2023.8.4新発売★,https://thumbnail.image.rakuten.co.jp/@0_mall/bi-sai/cabinet/row_s/chanel/0002/2501910040967.jpg?_ex=128x128,https://thumbnail.image.rakuten.co.jp/@0_mall/bi-sai/cabinet/row_s/chanel/0002/1419c.jpg?_ex=128x128,https://thumbnail.image.rakuten.co.jp/@0_mall/bi-sai/cabinet/row_s/chanel/0002/2020hand_set.jpg?_ex=128x128,https://thumbnail.image.rakuten.co.jp/@0_mall/bi-sai/cabinet/row_s/chanel/0002/2501910040967.jpg?_ex=64x64,https://thumbnail.image.rakuten.co.jp/@0_mall/bi-sai/cabinet/row_s/chanel/0002/1419c.jpg?_ex=64x64,https://thumbnail.image.rakuten.co.jp/@0_mall/bi-sai/cabinet/row_s/chanel/0002/2020hand_set.jpg?_ex=64x64,4,https://hb.afl.rakuten.co.jp/hgc/g00q0wag.ppohc22b.g00q0wag.ppohd44a/?pc=https%3A%2F%2Fitem.rakuten.co.jp%2Fbi-sai%2F2501910040967%2F&m=http%3A%2F%2Fm.rakuten.co.jp%2Fbi-sai%2Fi%2F10795050%2F&rafcid=wsc_i_is_1053351987856881203,,,0,1,,503106,0,1,＜コード:4500＞リップライナーシャネル ル クレイヨン レーヴル 184 ルージュ アンタンス(1.2g)シャネルのアイコニックなリップペンシル。なめらかな使い心地で鮮やかに発色し、唇の輪郭を美しく整えることが出来ます。セミマットのテクスチャーで、リップカラーのにじみを防ぎ、美しい仕上がりをロングラスティングさせます。《カラー：184 ルージュ アンタンス》★ハンドクリームコフレ★大人気のハンドクリーム2本セット。どのハンドクリームが届くかはお楽しみ！ご希望があればご注文の際に備考欄等にご記入下さい。【広告文責】・お問い合わせ先:有限会社美彩[TEL.090-5467-0825(order@bi-sai.jp)]・メーカー:シャネル株式会社・原産国:・商品区分:化粧品(メイク)※時期等により原産国が変更になる場合があります。※デザイン/パッケージ等は変更になる場合があります。,bi-sai:10795050,★女子力UPコフレ/送料無料★シャネル ル クレイヨン レーヴル 184 ルージュ アンタンス(1.2g) ハンドクリームコフレ＜3145891886450＞,13640,item_price_min3,13640,13640,13640,13640,13640,13640,https://hb.afl.rakuten.co.jp/hgc/g00q0wag.ppohc22b.g00q0wag.ppohd44a/?pc=https%3A%2F%2Fitem.rakuten.co.jp%2Fbi-sai%2F2501910040967%2F&m=http%3A%2F%2Fm.rakuten.co.jp%2Fbi-sai%2Fi%2F10795050%2F&rafcid=wsc_i_is_1053351987856881203,1,,,0,0,0,,0,https://hb.afl.rakuten.co.jp/hgc/g00q0wag.ppohc22b.g00q0wag.ppohd44a/?pc=https%3A%2F%2Fwww.rakuten.co.jp%2Fbi-sai%2F&m=http%3A%2F%2Fm.rakuten.co.jp%2Fbi-sai%2F&rafcid=wsc_i_is_1053351987856881203,bi-sai,bi-sai,0,https://hb.afl.rakuten.co.jp/hgc/g00q0wag.ppohc22b.g00q0wag.ppohd44a/?pc=https%3A%2F%2Fwww.rakuten.co.jp%2Fbi-sai%2F&m=http%3A%2F%2Fm.rakuten.co.jp%2Fbi-sai%2F&rafcid=wsc_i_is_1053351987856881203,,,0
1,★2023.8.4新発売★,https://thumbnail.image.rakuten.co.jp/@0_mall/bi-sai/cabinet/row_s/chanel/0002/2501910040943.jpg?_ex=128x128,https://thumbnail.image.rakuten.co.jp/@0_mall/bi-sai/cabinet/row_s/chanel/0002/1418c.jpg?_ex=128x128,https://thumbnail.image.rakuten.co.jp/@0_mall/bi-sai/cabinet/row_s/chanel/0002/2020hand_set.jpg?_ex=128x128,https://thumbnail.image.rakuten.co.jp/@0_mall/bi-sai/cabinet/row_s/chanel/0002/2501910040943.jpg?_ex=64x64,https://thumbnail.image.rakuten.co.jp/@0_mall/bi-sai/cabinet/row_s/chanel/0002/1418c.jpg?_ex=64x64,https://thumbnail.image.rakuten.co.jp/@0_mall/bi-sai/cabinet/row_s/chanel/0002/2020hand_set.jpg?_ex=64x64,4,https://hb.afl.rakuten.co.jp/hgc/g00q0wag.ppohc22b.g00q0wag.ppohd44a/?pc=https%3A%2F%2Fitem.rakuten.co.jp%2Fbi-sai%2F2501910040943%2F&m=http%3A%2F%2Fm.rakuten.co.jp%2Fbi-sai%2Fi%2F10795058%2F&rafcid=wsc_i_is_1053351987856881203,,,0,1,,503106,0,1,＜コード:4500＞リップライナーシャネル ル クレイヨン レーヴル 178 ルージュ スリーズ(1.2g)シャネルのアイコニックなリップペンシル。なめらかな使い心地で鮮やかに発色し、唇の輪郭を美しく整えることが出来ます。セミマットのテクスチャーで、リップカラーのにじみを防ぎ、美しい仕上がりをロングラスティングさせます。《カラー：178 ルージュ スリーズ》★ハンドクリームコフレ★大人気のハンドクリーム2本セット。どのハンドクリームが届くかはお楽しみ！ご希望があればご注文の際に備考欄等にご記入下さい。【広告文責】・お問い合わせ先:有限会社美彩[TEL.090-5467-0825(order@bi-sai.jp)]・メーカー:シャネル株式会社・原産国:・商品区分:化粧品(メイク)※時期等により原産国が変更になる場合があります。※デザイン/パッケージ等は変更になる場合があります。,bi-sai:10795058,★女子力UPコフレ/送料無料★シャネル ル クレイヨン レーヴル 178 ルージュ スリーズ(1.2g) ハンドクリームコフレ＜3145891886399＞,13640,item_price_min3,13640,13640,13640,13640,13640,13640,https://hb.afl.rakuten.co.jp/hgc/g00q0wag.ppohc22b.g00q0wag.ppohd44a/?pc=https%3A%2F%2Fitem.rakuten.co.jp%2Fbi-sai%2F2501910040943%2F&m=http%3A%2F%2Fm.rakuten.co.jp%2Fbi-sai%2Fi%2F10795058%2F&rafcid=wsc_i_is_1053351987856881203,1,,,0,0,0,,0,https://hb.afl.rakuten.co.jp/hgc/g00q0wag.ppohc22b.g00q0wag.ppohd44a/?pc=https%3A%2F%2Fwww.rakuten.co.jp%2Fbi-sai%2F&m=http%3A%2F%2Fm.rakuten.co.jp%2Fbi-sai%2F&rafcid=wsc_i_is_1053351987856881203,bi-sai,bi-sai,0,https://hb.afl.rakuten.co.jp/hgc/g00q0wag.ppohc22b.g00q0wag.ppohd44a/?pc=https%3A%2F%2Fwww.rakuten.co.jp%2Fbi-sai%2F&m=http%3A%2F%2Fm.rakuten.co.jp%2Fbi-sai%2F&rafcid=wsc_i_is_1053351987856881203,,,0
1,★2023.8.4新発売★,https://thumbnail.image.rakuten.co.jp/@0_mall/bi-sai/cabinet/row_s/chanel/0002/2501910040868.jpg?_ex=128x128,https://thumbnail.image.rakuten.co.jp/@0_mall/bi-sai/cabinet/row_s/chanel/0002/1414c.jpg?_ex=128x128,https://thumbnail.image.rakuten.co.jp/@0_mall/bi-sai/cabinet/row_s/chanel/0002/2020hand_set.jpg?_ex=128x128,https://thumbnail.image.rakuten.co.jp/@0_mall/bi-sai/cabinet/row_s/chanel/0002/2501910040868.jpg?_ex=64x64,https://thumbnail.image.rakuten.co.jp/@0_mall/bi-sai/cabinet/row_s/chanel/0002/1414c.jpg?_ex=64x64,https://thumbnail.image.rakuten.co.jp/@0_mall/bi-sai/cabinet/row_s/chanel/0002/2020hand_set.jpg?_ex=64x64,4,https://hb.afl.rakuten.co.jp/hgc/g00q0wag.ppohc22b.g00q0wag.ppohd44a/?pc=https%3A%2F%2Fitem.rakuten.co.jp%2Fbi-sai%2F2501910040868%2F&m=http%3A%2F%2Fm.rakuten.co.jp%2Fbi-sai%2Fi%2F10795056%2F&rafcid=wsc_i_is_1053351987856881203,,,0,1,,503106,0,1,＜コード:4500＞リップライナーシャネル ル クレイヨン レーヴル 158 ローズ ナチュレル(1.2g)シャネルのアイコニックなリップペンシル。なめらかな使い心地で鮮やかに発色し、唇の輪郭を美しく整えることが出来ます。セミマットのテクスチャーで、リップカラーのにじみを防ぎ、美しい仕上がりをロングラスティングさせます。《カラー：158 ローズ ナチュレル》★ハンドクリームコフレ★大人気のハンドクリーム2本セット。どのハンドクリームが届くかはお楽しみ！ご希望があればご注文の際に備考欄等にご記入下さい。【広告文責】・お問い合わせ先:有限会社美彩[TEL.090-5467-0825(order@bi-sai.jp)]・メーカー:シャネル株式会社・原産国:・商品区分:化粧品(メイク)※時期等により原産国が変更になる場合があります。※デザイン/パッケージ等は変更になる場合があります。,bi-sai:10795056,★女子力UPコフレ/送料無料★シャネル ル クレイヨン レーヴル 158 ローズ ナチュレル(1.2g) ハンドクリームコフレ＜3145891886191＞,13640,item_price_min3,13640,13640,13640,13640,13640,13640,https://hb.afl.rakuten.co.jp/hgc/g00q0wag.ppohc22b.g00q0wag.ppohd44a/?pc=https%3A%2F%2Fitem.rakuten.co.jp%2Fbi-sai%2F2501910040868%2F&m=http%3A%2F%2Fm.rakuten.co.jp%2Fbi-sai%2Fi%2F10795056%2F&rafcid=wsc_i_is_1053351987856881203,1,,,0,0,0,,0,https://hb.afl.rakuten.co.jp/hgc/g00q0wag.ppohc22b.g00q0wag.ppohd44a/?pc=https%3A%2F%2Fwww.rakuten.co.jp%2Fbi-sai%2F&m=http%3A%2F%2Fm.rakuten.co.jp%2Fbi-sai%2F&rafcid=wsc_i_is_1053351987856881203,bi-sai,bi-sai,0,https://hb.afl.rakuten.co.jp/hgc/g00q0wag.ppohc22b.g00q0wag.ppohd44a/?pc=https%3A%2F%2Fwww.rakuten.co.jp%2Fbi-sai%2F&m=http%3A%2F%2Fm.rakuten.co.jp%2Fbi-sai%2F&rafcid=wsc_i_is_1053351987856881203,,,0
1,★2023.8.4新発売★,https://thumbnail.image.rakuten.co.jp/@0_mall/bi-sai/cabinet/row_s/chanel/0002/2501910040905.jpg?_ex=128x128,https://thumbnail.image.rakuten.co.jp/@0_mall/bi-sai/cabinet/row_s/chanel/0002/1416c.jpg?_ex=128x128,https://thumbnail.image.rakuten.co.jp/@0_mall/bi-sai/cabinet/row_s/chanel/0002/2020hand_set.jpg?_ex=128x128,https://thumbnail.image.rakuten.co.jp/@0_mall/bi-sai/cabinet/row_s/chanel/0002/2501910040905.jpg?_ex=64x64,https://thumbnail.image.rakuten.co.jp/@0_mall/bi-sai/cabinet/row_s/chanel/0002/1416c.jpg?_ex=64x64,https://thumbnail.image.rakuten.co.jp/@0_mall/bi-sai/cabinet/row_s/chanel/0002/2020hand_set.jpg?_ex=64x64,4,https://hb.afl.rakuten.co.jp/hgc/g00q0wag.ppohc22b.g00q0wag.ppohd44a/?pc=https%3A%2F%2Fitem.rakuten.co.jp%2Fbi-sai%2F2501910040905%2F&m=http%3A%2F%2Fm.rakuten.co.jp%2Fbi-sai%2Fi%2F10795048%2F&rafcid=wsc_i_is_1053351987856881203,,,0,1,,503106,0,1,＜コード:4500＞リップライナーシャネル ル クレイヨン レーヴル 164 ピヴォワン(1.2g)シャネルのアイコニックなリップペンシル。なめらかな使い心地で鮮やかに発色し、唇の輪郭を美しく整えることが出来ます。セミマットのテクスチャーで、リップカラーのにじみを防ぎ、美しい仕上がりをロングラスティングさせます。《カラー：164 ピヴォワン》★ハンドクリームコフレ★大人気のハンドクリーム2本セット。どのハンドクリームが届くかはお楽しみ！ご希望があればご注文の際に備考欄等にご記入下さい。【広告文責】・お問い合わせ先:有限会社美彩[TEL.090-5467-0825(order@bi-sai.jp)]・メーカー:シャネル株式会社・原産国:・商品区分:化粧品(メイク)※時期等により原産国が変更になる場合があります。※デザイン/パッケージ等は変更になる場合があります。,bi-sai:10795048,★女子力UPコフレ/送料無料★シャネル ル クレイヨン レーヴル 164 ピヴォワン(1.2g) ハンドクリームコフレ＜3145891886252＞,13640,item_price_min3,13640,13640,13640,13640,13640,13640,https://hb.afl.rakuten.co.jp/hgc/g00q0wag.ppohc22b.g00q0wag.ppohd44a/?pc=https%3A%2F%2Fitem.rakuten.co.jp%2Fbi-sai%2F2501910040905%2F&m=http%3A%2F%2Fm.rakuten.co.jp%2Fbi-sai%2Fi%2F10795048%2F&rafcid=wsc_i_is_1053351987856881203,1,,,0,0,0,,0,https://hb.afl.rakuten.co.jp/hgc/g00q0wag.ppohc22b.g00q0wag.ppohd44a/?pc=https%3A%2F%2Fwww.rakuten.co.jp%2Fbi-sai%2F&m=http%3A%2F%2Fm.rakuten.co.jp%2Fbi-sai%2F&rafcid=wsc_i_is_1053351987856881203,bi-sai,bi-sai,0,https://hb.afl.rakuten.co.jp/hgc/g00q0wag.ppohc22b.g00q0wag.ppohd44a/?pc=https%3A%2F%2Fwww.rakuten.co.jp%2Fbi-sai%2F&m=http%3A%2F%2Fm.rakuten.co.jp%2Fbi-sai%2F&rafcid=wsc_i_is_1053351987856881203,,,0
1,★2023.8.4新発売★,https://thumbnail.image.rakuten.co.jp/@0_mall/bi-sai/cabinet/row_s/chanel/0002/2501910040929.jpg?_ex=128x128,https://thumbnail.image.rakuten.co.jp/@0_mall/bi-sai/cabinet/row_s/chanel/0002/1417c.jpg?_ex=128x128,https://thumbnail.image.rakuten.co.jp/@0_mall/bi-sai/cabinet/row_s/chanel/0002/2020hand_set.jpg?_ex=128x128,https://thumbnail.image.rakuten.co.jp/@0_mall/bi-sai/cabinet/row_s/chanel/0002/2501910040929.jpg?_ex=64x64,https://thumbnail.image.rakuten.co.jp/@0_mall/bi-sai/cabinet/row_s/chanel/0002/1417c.jpg?_ex=64x64,https://thumbnail.image.rakuten.co.jp/@0_mall/bi-sai/cabinet/row_s/chanel/0002/2020hand_set.jpg?_ex=64x64,4,https://hb.afl.rakuten.co.jp/hgc/g00q0wag.ppohc22b.g00q0wag.ppohd44a/?pc=https%3A%2F%2Fitem.rakuten.co.jp%2Fbi-sai%2F2501910040929%2F&m=http%3A%2F%2Fm.rakuten.co.jp%2Fbi-sai%2Fi%2F10795047%2F&rafcid=wsc_i_is_1053351987856881203,,,0,1,,503106,0,1,＜コード:4500＞リップライナーシャネル ル クレイヨン レーヴル 172 ボワ ドゥ ローズ(1.2g)シャネルのアイコニックなリップペンシル。なめらかな使い心地で鮮やかに発色し、唇の輪郭を美しく整えることが出来ます。セミマットのテクスチャーで、リップカラーのにじみを防ぎ、美しい仕上がりをロングラスティングさせます。《カラー：172 ボワ ドゥ ローズ》★ハンドクリームコフレ★大人気のハンドクリーム2本セット。どのハンドクリームが届くかはお楽しみ！ご希望があればご注文の際に備考欄等にご記入下さい。【広告文責】・お問い合わせ先:有限会社美彩[TEL.090-5467-0825(order@bi-sai.jp)]・メーカー:シャネル株式会社・原産国:・商品区分:化粧品(メイク)※時期等により原産国が変更になる場合があります。※デザイン/パッケージ等は変更になる場合があります。,bi-sai:10795047,★女子力UPコフレ/送料無料★シャネル ル クレイヨン レーヴル 172 ボワ ドゥ ローズ(1.2g) ハンドクリームコフレ＜3145891886313＞,13640,item_price_min3,13640,13640,13640,13640,13640,13640,https://hb.afl.rakuten.co.jp/hgc/g00q0wag.ppohc22b.g00q0wag.ppohd44a/?pc=https%3A%2F%2Fitem.rakuten.co.jp%2Fbi-sai%2F2501910040929%2F&m=http%3A%2F%2Fm.rakuten.co.jp%2Fbi-sai%2Fi%2F10795047%2F&rafcid=wsc_i_is_1053351987856881203,1,,,0,0,0,,0,https://hb.afl.rakuten.co.jp/hgc/g00q0wag.ppohc22b.g00q0wag.ppohd44a/?pc=https%3A%2F%2Fwww.rakuten.co.jp%2Fbi-sai%2F&m=http%3A%2F%2Fm.rakuten.co.jp%2Fbi-sai%2F&rafcid=wsc_i_is_1053351987856881203,bi-sai,bi-sai,0,https://hb.afl.rakuten.co.jp/hgc/g00q0wag.ppohc22b.g00q0wag.ppohd44a/?pc=https%3A%2F%2Fwww.rakuten.co.jp%2Fbi-sai%2F&m=http%3A%2F%2Fm.rakuten.co.jp%2Fbi-sai%2F&rafcid=wsc_i_is_1053351987856881203,,,0
1,★2023.8.4新発売★,https://thumbnail.image.rakuten.co.jp/@0_mall/bi-sai/cabinet/row_s/chanel/0002/2501910040882.jpg?_ex=128x128,https://thumbnail.image.rakuten.co.jp/@0_mall/bi-sai/cabinet/row_s/chanel/0002/1415c.jpg?_ex=128x128,https://thumbnail.image.rakuten.co.jp/@0_mall/bi-sai/cabinet/row_s/chanel/0002/2020hand_set.jpg?_ex=128x128,https://thumbnail.image.rakuten.co.jp/@0_mall/bi-sai/cabinet/row_s/chanel/0002/2501910040882.jpg?_ex=64x64,https://thumbnail.image.rakuten.co.jp/@0_mall/bi-sai/cabinet/row_s/chanel/0002/1415c.jpg?_ex=64x64,https://thumbnail.image.rakuten.co.jp/@0_mall/bi-sai/cabinet/row_s/chanel/0002/2020hand_set.jpg?_ex=64x64,4,https://hb.afl.rakuten.co.jp/hgc/g00q0wag.ppohc22b.g00q0wag.ppohd44a/?pc=https%3A%2F%2Fitem.rakuten.co.jp%2Fbi-sai%2F2501910040882%2F&m=http%3A%2F%2Fm.rakuten.co.jp%2Fbi-sai%2Fi%2F10795055%2F&rafcid=wsc_i_is_1053351987856881203,,,0,1,,503106,0,1,＜コード:4500＞リップライナーシャネル ル クレイヨン レーヴル 162 ヌード ブラン(1.2g)シャネルのアイコニックなリップペンシル。なめらかな使い心地で鮮やかに発色し、唇の輪郭を美しく整えることが出来ます。セミマットのテクスチャーで、リップカラーのにじみを防ぎ、美しい仕上がりをロングラスティングさせます。《カラー：162 ヌード ブラン》★ハンドクリームコフレ★大人気のハンドクリーム2本セット。どのハンドクリームが届くかはお楽しみ！ご希望があればご注文の際に備考欄等にご記入下さい。【広告文責】・お問い合わせ先:有限会社美彩[TEL.090-5467-0825(order@bi-sai.jp)]・メーカー:シャネル株式会社・原産国:・商品区分:化粧品(メイク)※時期等により原産国が変更になる場合があります。※デザイン/パッケージ等は変更になる場合があります。,bi-sai:10795055,★女子力UPコフレ/送料無料★シャネル ル クレイヨン レーヴル 162 ヌード ブラン(1.2g) ハンドクリームコフレ＜3145891886214＞,13640,item_price_min3,13640,13640,13640,13640,13640,13640,https://hb.afl.rakuten.co.jp/hgc/g00q0wag.ppohc22b.g00q0wag.ppohd44a/?pc=https%3A%2F%2Fitem.rakuten.co.jp%2Fbi-sai%2F2501910040882%2F&m=http%3A%2F%2Fm.rakuten.co.jp%2Fbi-sai%2Fi%2F10795055%2F&rafcid=wsc_i_is_1053351987856881203,1,,,0,0,0,,0,https://hb.afl.rakuten.co.jp/hgc/g00q0wag.ppohc22b.g00q0wag.ppohd44a/?pc=https%3A%2F%2Fwww.rakuten.co.jp%2Fbi-sai%2F&m=http%3A%2F%2Fm.rakuten.co.jp%2Fbi-sai%2F&rafcid=wsc_i_is_1053351987856881203,bi-sai,bi-sai,0,https://hb.afl.rakuten.co.jp/hgc/g00q0wag.ppohc22b.g00q0wag.ppohd44a/?pc=https%3A%2F%2Fwww.rakuten.co.jp%2Fbi-sai%2F&m=http%3A%2F%2Fm.rakuten.co.jp%2Fbi-sai%2F&rafcid=wsc_i_is_1053351987856881203,,,0
1,★2023.8.4新発売★,https://thumbnail.image.rakuten.co.jp/@0_mall/bi-sai/cabinet/row_s/chanel/0002/2501910040844.jpg?_ex=128x128,https://thumbnail.image.rakuten.co.jp/@0_mall/bi-sai/cabinet/row_s/chanel/0002/1413c.jpg?_ex=128x128,https://thumbnail.image.rakuten.co.jp/@0_mall/bi-sai/cabinet/row_s/chanel/0002/2020hand_set.jpg?_ex=128x128,https://thumbnail.image.rakuten.co.jp/@0_mall/bi-sai/cabinet/row_s/chanel/0002/2501910040844.jpg?_ex=64x64,https://thumbnail.image.rakuten.co.jp/@0_mall/bi-sai/cabinet/row_s/chanel/0002/1413c.jpg?_ex=64x64,https://thumbnail.image.rakuten.co.jp/@0_mall/bi-sai/cabinet/row_s/chanel/0002/2020hand_set.jpg?_ex=64x64,4,https://hb.afl.rakuten.co.jp/hgc/g00q0wag.ppohc22b.g00q0wag.ppohd44a/?pc=https%3A%2F%2Fitem.rakuten.co.jp%2Fbi-sai%2F2501910040844%2F&m=http%3A%2F%2Fm.rakuten.co.jp%2Fbi-sai%2Fi%2F10795054%2F&rafcid=wsc_i_is_1053351987856881203,,,0,1,,503106,0,1,＜コード:4500＞リップライナーシャネル ル クレイヨン レーヴル 156 ベージュ ナチュレル(1.2g)シャネルのアイコニックなリップペンシル。なめらかな使い心地で鮮やかに発色し、唇の輪郭を美しく整えることが出来ます。セミマットのテクスチャーで、リップカラーのにじみを防ぎ、美しい仕上がりをロングラスティングさせます。《カラー：156 ベージュ ナチュレル》★ハンドクリームコフレ★大人気のハンドクリーム2本セット。どのハンドクリームが届くかはお楽しみ！ご希望があればご注文の際に備考欄等にご記入下さい。【広告文責】・お問い合わせ先:有限会社美彩[TEL.090-5467-0825(order@bi-sai.jp)]・メーカー:シャネル株式会社・原産国:・商品区分:化粧品(メイク)※時期等により原産国が変更になる場合があります。※デザイン/パッケージ等は変更になる場合があります。,bi-sai:10795054,★女子力UPコフレ/送料無料★シャネル ル クレイヨン レーヴル 156 ベージュ ナチュレル(1.2g) ハンドクリームコフレ＜3145891886177＞,13640,item_price_min3,13640,13640,13640,13640,13640,13640,https://hb.afl.rakuten.co.jp/hgc/g00q0wag.ppohc22b.g00q0wag.ppohd44a/?pc=https%3A%2F%2Fitem.rakuten.co.jp%2Fbi-sai%2F2501910040844%2F&m=http%3A%2F%2Fm.rakuten.co.jp%2Fbi-sai%2Fi%2F10795054%2F&rafcid=wsc_i_is_1053351987856881203,1,,,0,0,0,,0,https://hb.afl.rakuten.co.jp/hgc/g00q0wag.ppohc22b.g00q0wag.ppohd44a/?pc=https%3A%2F%2Fwww.rakuten.co.jp%2Fbi-sai%2F&m=http%3A%2F%2Fm.rakuten.co.jp%2Fbi-sai%2F&rafcid=wsc_i_is_1053351987856881203,bi-sai,bi-sai,0,https://hb.afl.rakuten.co.jp/hgc/g00q0wag.ppohc22b.g00q0wag.ppohd44a/?pc=https%3A%2F%2Fwww.rakuten.co.jp%2Fbi-sai%2F&m=http%3A%2F%2Fm.rakuten.co.jp%2Fbi-sai%2F&rafcid=wsc_i_is_1053351987856881203,,,0
1,★2023.8.4新発売★,https://thumbnail.image.rakuten.co.jp/@0_mall/bi-sai/cabinet/row_s/chanel/0002/2501910040820.jpg?_ex=128x128,https://thumbnail.image.rakuten.co.jp/@0_mall/bi-sai/cabinet/row_s/chanel/0002/1412c.jpg?_ex=128x128,https://thumbnail.image.rakuten.co.jp/@0_mall/bi-sai/cabinet/row_s/chanel/0002/2020hand_set.jpg?_ex=128x128,https://thumbnail.image.rakuten.co.jp/@0_mall/bi-sai/cabinet/row_s/chanel/0002/2501910040820.jpg?_ex=64x64,https://thumbnail.image.rakuten.co.jp/@0_mall/bi-sai/cabinet/row_s/chanel/0002/1412c.jpg?_ex=64x64,https://thumbnail.image.rakuten.co.jp/@0_mall/bi-sai/cabinet/row_s/chanel/0002/2020hand_set.jpg?_ex=64x64,4,https://hb.afl.rakuten.co.jp/hgc/g00q0wag.ppohc22b.g00q0wag.ppohd44a/?pc=https%3A%2F%2Fitem.rakuten.co.jp%2Fbi-sai%2F2501910040820%2F&m=http%3A%2F%2Fm.rakuten.co.jp%2Fbi-sai%2Fi%2F10795042%2F&rafcid=wsc_i_is_1053351987856881203,,,0,1,,503106,0,1,＜コード:4500＞リップライナーシャネル ル クレイヨン レーヴル 152 クリア(1.2g)シャネルのアイコニックなリップペンシル。なめらかな使い心地で鮮やかに発色し、唇の輪郭を美しく整えることが出来ます。セミマットのテクスチャーで、リップカラーのにじみを防ぎ、美しい仕上がりをロングラスティングさせます。《カラー：152 クリア》★ハンドクリームコフレ★大人気のハンドクリーム2本セット。どのハンドクリームが届くかはお楽しみ！ご希望があればご注文の際に備考欄等にご記入下さい。【広告文責】・お問い合わせ先:有限会社美彩[TEL.090-5467-0825(order@bi-sai.jp)]・メーカー:シャネル株式会社・原産国:・商品区分:化粧品(メイク)※時期等により原産国が変更になる場合があります。※デザイン/パッケージ等は変更になる場合があります。,bi-sai:10795042,★女子力UPコフレ/送料無料★シャネル ル クレイヨン レーヴル 152 クリア(1.2g) ハンドクリームコフレ＜3145891886115＞,13640,item_price_min3,13640,13640,13640,13640,13640,13640,https://hb.afl.rakuten.co.jp/hgc/g00q0wag.ppohc22b.g00q0wag.ppohd44a/?pc=https%3A%2F%2Fitem.rakuten.co.jp%2Fbi-sai%2F2501910040820%2F&m=http%3A%2F%2Fm.rakuten.co.jp%2Fbi-sai%2Fi%2F10795042%2F&rafcid=wsc_i_is_1053351987856881203,1,,,0,0,0,,0,https://hb.afl.rakuten.co.jp/hgc/g00q0wag.ppohc22b.g00q0wag.ppohd44a/?pc=https%3A%2F%2Fwww.rakuten.co.jp%2Fbi-sai%2F&m=http%3A%2F%2Fm.rakuten.co.jp%2Fbi-sai%2F&rafcid=wsc_i_is_1053351987856881203,bi-sai,bi-sai,0,https://hb.afl.rakuten.co.jp/hgc/g00q0wag.ppohc22b.g00q0wag.ppohd44a/?pc=https%3A%2F%2Fwww.rakuten.co.jp%2Fbi-sai%2F&m=http%3A%2F%2Fm.rakuten.co.jp%2Fbi-sai%2F&rafcid=wsc_i_is_1053351987856881203,,,0
1,【プレゼント実施中！・お取寄せ手数料込】,https://thumbnail.image.rakuten.co.jp/@0_mall/qeen/cabinet/ka/gurlain/3346470411944.jpg?_ex=128x128,https://thumbnail.image.rakuten.co.jp/@0_mall/qeen/cabinet/ka/gurlain/147c.jpg?_ex=128x128,,https://thumbnail.image.rakuten.co.jp/@0_mall/qeen/cabinet/ka/gurlain/3346470411944.jpg?_ex=64x64,https://thumbnail.image.rakuten.co.jp/@0_mall/qeen/cabinet/ka/gurlain/147c.jpg?_ex=64x64,,4,https://hb.afl.rakuten.co.jp/hgc/g00pu34g.ppohcff2.g00pu34g.ppohdc4b/?pc=https%3A%2F%2Fitem.rakuten.co.jp%2Fqeen%2F3346470411944%2F&m=http%3A%2F%2Fm.rakuten.co.jp%2Fqeen%2Fi%2F10617704%2F&rafcid=wsc_i_is_1053351987856881203,,,0,1,,503106,0,1,CM:3700ゲラン スティロ レーヴル 63 ローズ ドゥ メ美しいラインが描ける繰り出し式リップライナー。■販売価格等につきまして・1個での販売となっています。・代行手数料及び手配時の送料等が含まれています。お近くに売っていない地域の方にお届けするために価格設定していますのでデパート等よりも高額となっています。・こちらの商品は発送にお日にちが掛かる場合があります。ご了承くださいませ。■広告文責■お問い合わせ先:有限会社COSME2000　Tel.0745-79-0205(mail:order@cosme2000.jp)・発売・製造元又は輸入元:ゲラン株式会社・原産国:フランス・商品区分:化粧品(リップライナー)※季節などにより予告なく原産国が変更になることがあります。※パッケージ等は予告なく変更されることがあります。※衛生商品につき返品・交換は一切お受けできません。,qeen:10617704,【正規品・送料込】ゲラン スティロ レーヴル 63 ローズ ドゥ メ(0.35g),9900,item_price_min3,9900,9900,9900,9900,9900,9900,https://hb.afl.rakuten.co.jp/hgc/g00pu34g.ppohcff2.g00pu34g.ppohdc4b/?pc=https%3A%2F%2Fitem.rakuten.co.jp%2Fqeen%2F3346470411944%2F&m=http%3A%2F%2Fm.rakuten.co.jp%2Fqeen%2Fi%2F10617704%2F&rafcid=wsc_i_is_1053351987856881203,1,,,0,0,0,,0,https://hb.afl.rakuten.co.jp/hgc/g00pu34g.ppohcff2.g00pu34g.ppohdc4b/?pc=https%3A%2F%2Fwww.rakuten.co.jp%2Fqeen%2F&m=http%3A%2F%2Fm.rakuten.co.jp%2Fqeen%2F&rafcid=wsc_i_is_1053351987856881203,qeen,自然派化粧品　コスメ2000,0,https://hb.afl.rakuten.co.jp/hgc/g00pu34g.ppohcff2.g00pu34g.ppohdc4b/?pc=https%3A%2F%2Fwww.rakuten.co.jp%2Fqeen%2F&m=http%3A%2F%2Fm.rakuten.co.jp%2Fqeen%2F&rafcid=wsc_i_is_1053351987856881203,,,0
1,【プレゼント実施中！・お取寄せ手数料込】,https://thumbnail.image.rakuten.co.jp/@0_mall/qeen/cabinet/ka/gurlain/3346470411890.jpg?_ex=128x128,https://thumbnail.image.rakuten.co.jp/@0_mall/qeen/cabinet/ka/gurlain/143c.jpg?_ex=128x128,,https://thumbnail.image.rakuten.co.jp/@0_mall/qeen/cabinet/ka/gurlain/3346470411890.jpg?_ex=64x64,https://thumbnail.image.rakuten.co.jp/@0_mall/qeen/cabinet/ka/gurlain/143c.jpg?_ex=64x64,,4,https://hb.afl.rakuten.co.jp/hgc/g00pu34g.ppohcff2.g00pu34g.ppohdc4b/?pc=https%3A%2F%2Fitem.rakuten.co.jp%2Fqeen%2F3346470411890%2F&m=http%3A%2F%2Fm.rakuten.co.jp%2Fqeen%2Fi%2F10617701%2F&rafcid=wsc_i_is_1053351987856881203,,,0,1,,503106,0,1,CM:3700ゲラン スティロ レーヴル 24 ルージュ ダリア美しいラインが描ける繰り出し式リップライナー。■販売価格等につきまして・1個での販売となっています。・代行手数料及び手配時の送料等が含まれています。お近くに売っていない地域の方にお届けするために価格設定していますのでデパート等よりも高額となっています。・こちらの商品は発送にお日にちが掛かる場合があります。ご了承くださいませ。■広告文責■お問い合わせ先:有限会社COSME2000　Tel.0745-79-0205(mail:order@cosme2000.jp)・発売・製造元又は輸入元:ゲラン株式会社・原産国:フランス・商品区分:化粧品(リップライナー)※季節などにより予告なく原産国が変更になることがあります。※パッケージ等は予告なく変更されることがあります。※衛生商品につき返品・交換は一切お受けできません。,qeen:10617701,【正規品・送料込】ゲラン スティロ レーヴル 24 ルージュ ダリア(0.35g),9900,item_price_min3,9900,9900,9900,9900,9900,9900,https://hb.afl.rakuten.co.jp/hgc/g00pu34g.ppohcff2.g00pu34g.ppohdc4b/?pc=https%3A%2F%2Fitem.rakuten.co.jp%2Fqeen%2F3346470411890%2F&m=http%3A%2F%2Fm.rakuten.co.jp%2Fqeen%2Fi%2F10617701%2F&rafcid=wsc_i_is_1053351987856881203,1,,,0,0,0,,0,https://hb.afl.rakuten.co.jp/hgc/g00pu34g.ppohcff2.g00pu34g.ppohdc4b/?pc=https%3A%2F%2Fwww.rakuten.co.jp%2Fqeen%2F&m=http%3A%2F%2Fm.rakuten.co.jp%2Fqeen%2F&rafcid=wsc_i_is_1053351987856881203,qeen,自然派化粧品　コスメ2000,0,https://hb.afl.rakuten.co.jp/hgc/g00pu34g.ppohcff2.g00pu34g.ppohdc4b/?pc=https%3A%2F%2Fwww.rakuten.co.jp%2Fqeen%2F&m=http%3A%2F%2Fm.rakuten.co.jp%2Fqeen%2F&rafcid=wsc_i_is_1053351987856881203,,,0
1,【プレゼント実施中！・お取寄せ手数料込】,https://thumbnail.image.rakuten.co.jp/@0_mall/qeen/cabinet/ka/gurlain/3346470412088.jpg?_ex=128x128,https://thumbnail.image.rakuten.co.jp/@0_mall/qeen/cabinet/ka/gurlain/149c.jpg?_ex=128x128,,https://thumbnail.image.rakuten.co.jp/@0_mall/qeen/cabinet/ka/gurlain/3346470412088.jpg?_ex=64x64,https://thumbnail.image.rakuten.co.jp/@0_mall/qeen/cabinet/ka/gurlain/149c.jpg?_ex=64x64,,4,https://hb.afl.rakuten.co.jp/hgc/g00pu34g.ppohcff2.g00pu34g.ppohdc4b/?pc=https%3A%2F%2Fitem.rakuten.co.jp%2Fqeen%2F3346470412088%2F&m=http%3A%2F%2Fm.rakuten.co.jp%2Fqeen%2Fi%2F10617705%2F&rafcid=wsc_i_is_1053351987856881203,,,0,1,,503106,0,1,CM:3700ゲラン スティロ レーヴル 64 ピヴォワン マニフィカ美しいラインが描ける繰り出し式リップライナー。■販売価格等につきまして・1個での販売となっています。・代行手数料及び手配時の送料等が含まれています。お近くに売っていない地域の方にお届けするために価格設定していますのでデパート等よりも高額となっています。・こちらの商品は発送にお日にちが掛かる場合があります。ご了承くださいませ。■広告文責■お問い合わせ先:有限会社COSME2000　Tel.0745-79-0205(mail:order@cosme2000.jp)・発売・製造元又は輸入元:ゲラン株式会社・原産国:フランス・商品区分:化粧品(リップライナー)※季節などにより予告なく原産国が変更になることがあります。※パッケージ等は予告なく変更されることがあります。※衛生商品につき返品・交換は一切お受けできません。,qeen:10617705,【正規品・送料込】ゲラン スティロ レーヴル 64 ピヴォワン マニフィカ(0.35g),9900,item_price_min3,9900,9900,9900,9900,9900,9900,https://hb.afl.rakuten.co.jp/hgc/g00pu34g.ppohcff2.g00pu34g.ppohdc4b/?pc=https%3A%2F%2Fitem.rakuten.co.jp%2Fqeen%2F3346470412088%2F&m=http%3A%2F%2Fm.rakuten.co.jp%2Fqeen%2Fi%2F10617705%2F&rafcid=wsc_i_is_1053351987856881203,1,,,0,0,0,,0,https://hb.afl.rakuten.co.jp/hgc/g00pu34g.ppohcff2.g00pu34g.ppohdc4b/?pc=https%3A%2F%2Fwww.rakuten.co.jp%2Fqeen%2F&m=http%3A%2F%2Fm.rakuten.co.jp%2Fqeen%2F&rafcid=wsc_i_is_1053351987856881203,qeen,自然派化粧品　コスメ2000,0,https://hb.afl.rakuten.co.jp/hgc/g00pu34g.ppohcff2.g00pu34g.ppohdc4b/?pc=https%3A%2F%2Fwww.rakuten.co.jp%2Fqeen%2F&m=http%3A%2F%2Fm.rakuten.co.jp%2Fqeen%2F&rafcid=wsc_i_is_1053351987856881203,,,0
1,【プレゼント実施中！・お取寄せ手数料込】,https://thumbnail.image.rakuten.co.jp/@0_mall/qeen/cabinet/ka/gurlain/3346470411920.jpg?_ex=128x128,https://thumbnail.image.rakuten.co.jp/@0_mall/qeen/cabinet/ka/gurlain/139c.jpg?_ex=128x128,,https://thumbnail.image.rakuten.co.jp/@0_mall/qeen/cabinet/ka/gurlain/3346470411920.jpg?_ex=64x64,https://thumbnail.image.rakuten.co.jp/@0_mall/qeen/cabinet/ka/gurlain/139c.jpg?_ex=64x64,,4,https://hb.afl.rakuten.co.jp/hgc/g00pu34g.ppohcff2.g00pu34g.ppohdc4b/?pc=https%3A%2F%2Fitem.rakuten.co.jp%2Fqeen%2F3346470411920%2F&m=http%3A%2F%2Fm.rakuten.co.jp%2Fqeen%2Fi%2F10617703%2F&rafcid=wsc_i_is_1053351987856881203,,,0,1,,503106,0,1,CM:3700ゲラン スティロ レーヴル 44 ボワ ドゥ サンタル美しいラインが描ける繰り出し式リップライナー。■販売価格等につきまして・1個での販売となっています。・代行手数料及び手配時の送料等が含まれています。お近くに売っていない地域の方にお届けするために価格設定していますのでデパート等よりも高額となっています。・こちらの商品は発送にお日にちが掛かる場合があります。ご了承くださいませ。■広告文責■お問い合わせ先:有限会社COSME2000　Tel.0745-79-0205(mail:order@cosme2000.jp)・発売・製造元又は輸入元:ゲラン株式会社・原産国:フランス・商品区分:化粧品(リップライナー)※季節などにより予告なく原産国が変更になることがあります。※パッケージ等は予告なく変更されることがあります。※衛生商品につき返品・交換は一切お受けできません。,qeen:10617703,【正規品・送料込】ゲラン スティロ レーヴル 44 ボワ ドゥ サンタル(0.35g),9900,item_price_min3,9900,9900,9900,9900,9900,9900,https://hb.afl.rakuten.co.jp/hgc/g00pu34g.ppohcff2.g00pu34g.ppohdc4b/?pc=https%3A%2F%2Fitem.rakuten.co.jp%2Fqeen%2F3346470411920%2F&m=http%3A%2F%2Fm.rakuten.co.jp%2Fqeen%2Fi%2F10617703%2F&rafcid=wsc_i_is_1053351987856881203,1,,,0,0,0,,0,https://hb.afl.rakuten.co.jp/hgc/g00pu34g.ppohcff2.g00pu34g.ppohdc4b/?pc=https%3A%2F%2Fwww.rakuten.co.jp%2Fqeen%2F&m=http%3A%2F%2Fm.rakuten.co.jp%2Fqeen%2F&rafcid=wsc_i_is_1053351987856881203,qeen,自然派化粧品　コスメ2000,0,https://hb.afl.rakuten.co.jp/hgc/g00pu34g.ppohcff2.g00pu34g.ppohdc4b/?pc=https%3A%2F%2Fwww.rakuten.co.jp%2Fqeen%2F&m=http%3A%2F%2Fm.rakuten.co.jp%2Fqeen%2F&rafcid=wsc_i_is_1053351987856881203,,,0
1,【プレゼント実施中！・お取寄せ手数料込】,https://thumbnail.image.rakuten.co.jp/@0_mall/qeen/cabinet/ka/gurlain/3346470411906.jpg?_ex=128x128,https://thumbnail.image.rakuten.co.jp/@0_mall/qeen/cabinet/ka/gurlain/145c.jpg?_ex=128x128,,https://thumbnail.image.rakuten.co.jp/@0_mall/qeen/cabinet/ka/gurlain/3346470411906.jpg?_ex=64x64,https://thumbnail.image.rakuten.co.jp/@0_mall/qeen/cabinet/ka/gurlain/145c.jpg?_ex=64x64,,4,https://hb.afl.rakuten.co.jp/hgc/g00pu34g.ppohcff2.g00pu34g.ppohdc4b/?pc=https%3A%2F%2Fitem.rakuten.co.jp%2Fqeen%2F3346470411906%2F&m=http%3A%2F%2Fm.rakuten.co.jp%2Fqeen%2Fi%2F10617702%2F&rafcid=wsc_i_is_1053351987856881203,,,0,1,,503106,0,1,CM:3700ゲラン スティロ レーヴル 25 イノス ノワール美しいラインが描ける繰り出し式リップライナー。■販売価格等につきまして・1個での販売となっています。・代行手数料及び手配時の送料等が含まれています。お近くに売っていない地域の方にお届けするために価格設定していますのでデパート等よりも高額となっています。・こちらの商品は発送にお日にちが掛かる場合があります。ご了承くださいませ。■広告文責■お問い合わせ先:有限会社COSME2000　Tel.0745-79-0205(mail:order@cosme2000.jp)・発売・製造元又は輸入元:ゲラン株式会社・原産国:フランス・商品区分:化粧品(リップライナー)※季節などにより予告なく原産国が変更になることがあります。※パッケージ等は予告なく変更されることがあります。※衛生商品につき返品・交換は一切お受けできません。,qeen:10617702,【正規品・送料込】ゲラン スティロ レーヴル 25 イノス ノワール(0.35g),9900,item_price_min3,9900,9900,9900,9900,9900,9900,https://hb.afl.rakuten.co.jp/hgc/g00pu34g.ppohcff2.g00pu34g.ppohdc4b/?pc=https%3A%2F%2Fitem.rakuten.co.jp%2Fqeen%2F3346470411906%2F&m=http%3A%2F%2Fm.rakuten.co.jp%2Fqeen%2Fi%2F10617702%2F&rafcid=wsc_i_is_1053351987856881203,1,,,0,0,0,,0,https://hb.afl.rakuten.co.jp/hgc/g00pu34g.ppohcff2.g00pu34g.ppohdc4b/?pc=https%3A%2F%2Fwww.rakuten.co.jp%2Fqeen%2F&m=http%3A%2F%2Fm.rakuten.co.jp%2Fqeen%2F&rafcid=wsc_i_is_1053351987856881203,qeen,自然派化粧品　コスメ2000,0,https://hb.afl.rakuten.co.jp/hgc/g00pu34g.ppohcff2.g00pu34g.ppohdc4b/?pc=https%3A%2F%2Fwww.rakuten.co.jp%2Fqeen%2F&m=http%3A%2F%2Fm.rakuten.co.jp%2Fqeen%2F&rafcid=wsc_i_is_1053351987856881203,,,0
1,,https://thumbnail.image.rakuten.co.jp/@0_mall/unitfix/cabinet/kosume/menad/me76251634.jpg?_ex=128x128,https://thumbnail.image.rakuten.co.jp/@0_mall/unitfix/cabinet/kosume/menad/me76251634_2.jpg?_ex=128x128,,https://thumbnail.image.rakuten.co.jp/@0_mall/unitfix/cabinet/kosume/menad/me76251634.jpg?_ex=64x64,https://thumbnail.image.rakuten.co.jp/@0_mall/unitfix/cabinet/kosume/menad/me76251634_2.jpg?_ex=64x64,,4,https://hb.afl.rakuten.co.jp/hgc/g00qux5g.ppohc75c.g00qux5g.ppohd640/?pc=https%3A%2F%2Fitem.rakuten.co.jp%2Funitfix%2Fa1men0076251634%2F&m=http%3A%2F%2Fm.rakuten.co.jp%2Funitfix%2Fi%2F10009049%2F&rafcid=wsc_i_is_1053351987856881203,,,0,1,,503106,0,1,商品特徴 口紅とリップライナーのいいとこどり。これ1本でリップメイクの楽しみ方が広がります。 品名 メナード　ジュピエル　リップペンシル カラー 16（落ち着いたローズ） 34（華やかなピンクレッド）　セット 区分・広告文責 日本製・化粧品/有限会社アヴァンス　058-371-8878 メーカー メナード,unitfix:10009049,メナードジュピエル　リップペンシル16（落ち着いたローズ）&　34（華やかなピンクレッド）　セット,8800,item_price_min3,8800,8800,8800,8800,8800,8800,https://hb.afl.rakuten.co.jp/hgc/g00qux5g.ppohc75c.g00qux5g.ppohd640/?pc=https%3A%2F%2Fitem.rakuten.co.jp%2Funitfix%2Fa1men0076251634%2F&m=http%3A%2F%2Fm.rakuten.co.jp%2Funitfix%2Fi%2F10009049%2F&rafcid=wsc_i_is_1053351987856881203,1,,,1,0,0,,0,https://hb.afl.rakuten.co.jp/hgc/g00qux5g.ppohc75c.g00qux5g.ppohd640/?pc=https%3A%2F%2Fwww.rakuten.co.jp%2Funitfix%2F&m=http%3A%2F%2Fm.rakuten.co.jp%2Funitfix%2F&rafcid=wsc_i_is_1053351987856881203,unitfix,AVANCE　アヴァンス,0,https://hb.afl.rakuten.co.jp/hgc/g00qux5g.ppohc75c.g00qux5g.ppohd640/?pc=https%3A%2F%2Fwww.rakuten.co.jp%2Funitfix%2F&m=http%3A%2F%2Fm.rakuten.co.jp%2Funitfix%2F&rafcid=wsc_i_is_1053351987856881203,,,0